2026-04-14 00:10:07 [main] INFO  Main.Main - ---------------------------------------------
2026-04-14 00:10:07 [main] INFO  Main.Main - |   Inventory System Started Successfully   |
2026-04-14 00:10:07 [main] INFO  Main.Main - ---------------------------------------------
2026-04-14 00:10:08 [main] INFO  Main.Main - Attempting to connect to the database...
2026-04-14 00:10:09 [main] INFO  Main.Main - Initializing...
2026-04-14 00:10:09 [main] INFO  Database.InitializeDatabase - Successfully connected to external database at: jdbc:sqlite:C:\Users\User\eclipse-workspace\AutomatedInventoryManagementSystem/database.db
2026-04-14 00:10:09 [main] INFO  Database.InitializeDatabase - Products table created successfully.
2026-04-14 00:10:09 [main] INFO  Database.InitializeDatabase - Database connected.
2026-04-14 00:10:10 [main] INFO  Main.Main - Calling Login Module...
2026-04-14 00:10:12 [AWT-EventQueue-0] INFO  Main.Main - Initializing...
2026-04-14 00:10:12 [AWT-EventQueue-0] INFO  Main.Main - Opening Login Module...
2026-04-14 00:10:18 [AWT-EventQueue-0] INFO  Module.LoginMenu - Logging in...
2026-04-14 00:10:19 [AWT-EventQueue-0] INFO  Module.LoginMenu - Opened Login Module.
2026-04-14 00:10:19 [AWT-EventQueue-0] INFO  Module.LoginMenu - Login Successful.
2026-04-14 00:10:20 [AWT-EventQueue-0] INFO  Module.LoginMenu - Calling Main Menu Module...
2026-04-14 00:10:20 [AWT-EventQueue-0] INFO  Module.MainMenu - Checking User...
2026-04-14 00:10:20 [AWT-EventQueue-0] INFO  Module.MainMenu - Main Menu User: admin
2026-04-14 00:10:20 [AWT-EventQueue-0] INFO  Main.Main - Success Opening Main Menu.
2026-04-14 00:10:22 [AWT-EventQueue-0] INFO  Module.MainMenu - Clicked Order Menu...
2026-04-14 00:10:22 [AWT-EventQueue-0] INFO  Main.Main - Success Opening Order Menu.
2026-04-14 00:10:28 [AWT-EventQueue-0] INFO  Module.OrderMenu - Print Successful! Returning to Main Menu...
2026-04-14 00:10:28 [AWT-EventQueue-0] INFO  Module.MainMenu - Checking User...
2026-04-14 00:10:28 [AWT-EventQueue-0] INFO  Module.MainMenu - Main Menu User: null
2026-04-14 00:17:26 [main] INFO  Main.Main - ---------------------------------------------
2026-04-14 00:17:26 [main] INFO  Main.Main - |   Inventory System Started Successfully   |
2026-04-14 00:17:26 [main] INFO  Main.Main - ---------------------------------------------
2026-04-14 00:17:27 [main] INFO  Main.Main - Attempting to connect to the database...
2026-04-14 00:17:28 [main] INFO  Main.Main - Initializing...
2026-04-14 00:17:28 [main] INFO  Database.InitializeDatabase - Successfully connected to external database at: jdbc:sqlite:C:\Users\User\eclipse-workspace\AutomatedInventoryManagementSystem/database.db
2026-04-14 00:17:28 [main] INFO  Database.InitializeDatabase - Products table created successfully.
2026-04-14 00:17:28 [main] INFO  Database.InitializeDatabase - Database connected.
2026-04-14 00:17:29 [main] INFO  Main.Main - Calling Login Module...
2026-04-14 00:17:31 [AWT-EventQueue-0] INFO  Main.Main - Initializing...
2026-04-14 00:17:31 [AWT-EventQueue-0] INFO  Main.Main - Opening Login Module...
2026-04-14 00:17:37 [AWT-EventQueue-0] INFO  Module.LoginMenu - Logging in...
2026-04-14 00:17:39 [AWT-EventQueue-0] INFO  Module.LoginMenu - Opened Login Module.
2026-04-14 00:17:39 [AWT-EventQueue-0] INFO  Module.LoginMenu - Login Successful.
2026-04-14 00:17:39 [AWT-EventQueue-0] INFO  Module.LoginMenu - Calling Main Menu Module...
2026-04-14 00:17:39 [AWT-EventQueue-0] INFO  Module.MainMenu - Checking User...
2026-04-14 00:17:39 [AWT-EventQueue-0] INFO  Module.MainMenu - Main Menu User: admin
2026-04-14 00:17:40 [AWT-EventQueue-0] INFO  Main.Main - Success Opening Main Menu.
2026-04-14 00:17:41 [AWT-EventQueue-0] INFO  Module.MainMenu - Clicked Order Menu...
2026-04-14 00:17:41 [AWT-EventQueue-0] INFO  Main.Main - Success Opening Order Menu.
2026-04-14 00:17:46 [AWT-EventQueue-0] INFO  Module.OrderMenu - Saved as text. Returning to Main Menu
2026-04-14 00:17:46 [AWT-EventQueue-0] INFO  Module.MainMenu - Checking User...
2026-04-14 00:17:46 [AWT-EventQueue-0] INFO  Module.MainMenu - Main Menu User: admin
2026-04-14 00:17:46 [AWT-EventQueue-0] INFO  Main.Main - Success Opening Main Menu.
2026-04-14 00:18:05 [AWT-EventQueue-0] INFO  Module.MainMenu - Clicked Inventory Menu...
2026-04-14 00:18:05 [AWT-EventQueue-0] INFO  Module.InventoryMenu - Checking User...
2026-04-14 00:18:05 [AWT-EventQueue-0] INFO  Module.InventoryMenu - Inventory data loaded successfully.
2026-04-14 00:18:05 [AWT-EventQueue-0] INFO  Main.Main - Success Opening Inventory Menu.
2026-04-14 00:18:21 [AWT-EventQueue-0] INFO  Module.InventoryMenu - Deleted product: 45646456
2026-04-14 00:18:21 [AWT-EventQueue-0] INFO  Module.InventoryMenu - Inventory data loaded successfully.
2026-04-14 00:20:37 [main] INFO  Main.Main - ---------------------------------------------
2026-04-14 00:20:37 [main] INFO  Main.Main - |   Inventory System Started Successfully   |
2026-04-14 00:20:37 [main] INFO  Main.Main - ---------------------------------------------
2026-04-14 00:20:38 [main] INFO  Main.Main - Attempting to connect to the database...
2026-04-14 00:20:39 [main] INFO  Main.Main - Initializing...
2026-04-14 00:20:39 [main] INFO  Database.InitializeDatabase - Successfully connected to external database at: jdbc:sqlite:C:\Users\User\eclipse-workspace\AutomatedInventoryManagementSystem/database.db
2026-04-14 00:20:39 [main] INFO  Database.InitializeDatabase - Products table created successfully.
2026-04-14 00:20:39 [main] INFO  Database.InitializeDatabase - Database connected.
2026-04-14 00:20:40 [main] INFO  Main.Main - Calling Login Module...
2026-04-14 00:20:42 [AWT-EventQueue-0] INFO  Main.Main - Initializing...
2026-04-14 00:20:42 [AWT-EventQueue-0] INFO  Main.Main - Opening Login Module...
2026-04-14 00:20:45 [AWT-EventQueue-0] INFO  Module.LoginMenu - Logging in...
2026-04-14 00:20:47 [AWT-EventQueue-0] INFO  Module.LoginMenu - Opened Login Module.
2026-04-14 00:20:47 [AWT-EventQueue-0] ERROR Module.LoginMenu - Login Error.
2026-04-14 00:20:49 [AWT-EventQueue-0] INFO  Module.LoginMenu - Logging in...
2026-04-14 00:20:51 [AWT-EventQueue-0] INFO  Module.LoginMenu - Opened Login Module.
2026-04-14 00:20:51 [AWT-EventQueue-0] INFO  Module.LoginMenu - Login Successful.
2026-04-14 00:20:52 [AWT-EventQueue-0] INFO  Module.LoginMenu - Calling Main Menu Module...
2026-04-14 00:20:52 [AWT-EventQueue-0] INFO  Module.MainMenu - Checking User...
2026-04-14 00:20:52 [AWT-EventQueue-0] INFO  Module.MainMenu - Main Menu User: admin
2026-04-14 00:20:52 [AWT-EventQueue-0] INFO  Main.Main - Success Opening Main Menu.
2026-04-14 00:20:52 [AWT-EventQueue-0] INFO  Module.MainMenu - Clicked Order Menu...
2026-04-14 00:20:52 [AWT-EventQueue-0] INFO  Main.Main - Success Opening Order Menu.
2026-04-14 00:20:58 [AWT-EventQueue-0] INFO  Module.Dropdown - Returning to Main Menu...
2026-04-14 00:20:58 [AWT-EventQueue-0] INFO  Module.MainMenu - Checking User...
2026-04-14 00:20:58 [AWT-EventQueue-0] INFO  Module.MainMenu - Main Menu User: admin
2026-04-14 00:20:59 [AWT-EventQueue-0] INFO  Module.MainMenu - Clicked Inventory Menu...
2026-04-14 00:20:59 [AWT-EventQueue-0] INFO  Module.InventoryMenu - Checking User...
2026-04-14 00:20:59 [AWT-EventQueue-0] INFO  Module.InventoryMenu - Inventory data loaded successfully.
2026-04-14 00:20:59 [AWT-EventQueue-0] INFO  Main.Main - Success Opening Inventory Menu.
2026-04-14 00:21:21 [AWT-EventQueue-0] INFO  Module.InventoryMenu - New product added: asd
2026-04-14 00:21:22 [AWT-EventQueue-0] INFO  Module.InventoryMenu - Inventory data loaded successfully.
2026-04-14 00:28:00 [main] INFO  Main.Main - ---------------------------------------------
2026-04-14 00:28:00 [main] INFO  Main.Main - |   Inventory System Started Successfully   |
2026-04-14 00:28:00 [main] INFO  Main.Main - ---------------------------------------------
2026-04-14 00:28:02 [main] INFO  Main.Main - Attempting to connect to the database...
2026-04-14 00:28:02 [main] INFO  Main.Main - Initializing...
2026-04-14 00:28:02 [main] INFO  Database.InitializeDatabase - Successfully connected to external database at: jdbc:sqlite:C:\Users\User\eclipse-workspace\AutomatedInventoryManagementSystem/database.db
2026-04-14 00:28:02 [main] INFO  Database.InitializeDatabase - Products table created successfully.
2026-04-14 00:28:02 [main] INFO  Database.InitializeDatabase - Database connected.
2026-04-14 00:28:04 [main] INFO  Main.Main - Calling Login Module...
2026-04-14 00:28:06 [AWT-EventQueue-0] INFO  Main.Main - Initializing...
2026-04-14 00:28:06 [AWT-EventQueue-0] INFO  Main.Main - Opening Login Module...
2026-04-14 00:28:13 [AWT-EventQueue-0] INFO  Module.LoginMenu - Logging in...
2026-04-14 00:28:15 [AWT-EventQueue-0] INFO  Module.LoginMenu - Opened Login Module.
2026-04-14 00:28:15 [AWT-EventQueue-0] INFO  Module.LoginMenu - Login Successful.
2026-04-14 00:28:16 [AWT-EventQueue-0] INFO  Module.LoginMenu - Calling Main Menu Module...
2026-04-14 00:28:16 [AWT-EventQueue-0] INFO  Module.MainMenu - Checking User...
2026-04-14 00:28:16 [AWT-EventQueue-0] INFO  Module.MainMenu - Main Menu User: admin
2026-04-14 00:28:16 [AWT-EventQueue-0] INFO  Main.Main - Success Opening Main Menu.
2026-04-14 00:28:17 [AWT-EventQueue-0] INFO  Module.MainMenu - Clicked Order Menu...
2026-04-14 00:28:18 [AWT-EventQueue-0] INFO  Module.OrderMenu - Initializing Final Order Menu for user: admin
2026-04-14 00:28:18 [AWT-EventQueue-0] INFO  Main.Main - Success Opening Order Menu.
2026-04-14 00:31:39 [AWT-EventQueue-0] INFO  Module.OrderMenu - Order processed successfully. Stock deducted.
2026-04-14 00:34:34 [main] INFO  Main.Main - ---------------------------------------------
2026-04-14 00:34:34 [main] INFO  Main.Main - |   Inventory System Started Successfully   |
2026-04-14 00:34:34 [main] INFO  Main.Main - ---------------------------------------------
2026-04-14 00:34:35 [main] INFO  Main.Main - Attempting to connect to the database...
2026-04-14 00:34:36 [main] INFO  Main.Main - Initializing...
2026-04-14 00:34:36 [main] INFO  Database.InitializeDatabase - Successfully connected to external database at: jdbc:sqlite:C:\Users\User\eclipse-workspace\AutomatedInventoryManagementSystem/database.db
2026-04-14 00:34:36 [main] INFO  Database.InitializeDatabase - Products table created successfully.
2026-04-14 00:34:36 [main] INFO  Database.InitializeDatabase - Database connected.
2026-04-14 00:34:38 [main] INFO  Main.Main - Calling Login Module...
2026-04-14 00:34:39 [AWT-EventQueue-0] INFO  Main.Main - Initializing...
2026-04-14 00:34:39 [AWT-EventQueue-0] INFO  Main.Main - Opening Login Module...
2026-04-14 00:34:45 [AWT-EventQueue-0] INFO  Module.LoginMenu - Logging in...
2026-04-14 00:34:46 [AWT-EventQueue-0] INFO  Module.LoginMenu - Opened Login Module.
2026-04-14 00:34:46 [AWT-EventQueue-0] INFO  Module.LoginMenu - Login Successful.
2026-04-14 00:34:47 [AWT-EventQueue-0] INFO  Module.LoginMenu - Calling Main Menu Module...
2026-04-14 00:34:47 [AWT-EventQueue-0] INFO  Module.MainMenu - Checking User...
2026-04-14 00:34:47 [AWT-EventQueue-0] INFO  Module.MainMenu - Main Menu User: admin
2026-04-14 00:34:47 [AWT-EventQueue-0] INFO  Main.Main - Success Opening Main Menu.
2026-04-14 00:34:51 [AWT-EventQueue-0] INFO  Module.MainMenu - Clicked Order Menu...
2026-04-14 00:34:51 [AWT-EventQueue-0] INFO  Module.OrderMenu - Initializing Final Order Menu for user: admin
2026-04-14 00:34:51 [AWT-EventQueue-0] INFO  Main.Main - Success Opening Order Menu.
2026-04-14 00:36:09 [main] INFO  Main.Main - ---------------------------------------------
2026-04-14 00:36:09 [main] INFO  Main.Main - |   Inventory System Started Successfully   |
2026-04-14 00:36:09 [main] INFO  Main.Main - ---------------------------------------------
2026-04-14 00:36:10 [main] INFO  Main.Main - Attempting to connect to the database...
2026-04-14 00:36:11 [main] INFO  Main.Main - Initializing...
2026-04-14 00:36:11 [main] INFO  Database.InitializeDatabase - Successfully connected to external database at: jdbc:sqlite:C:\Users\User\eclipse-workspace\AutomatedInventoryManagementSystem/database.db
2026-04-14 00:36:11 [main] INFO  Database.InitializeDatabase - Products table created successfully.
2026-04-14 00:36:11 [main] INFO  Database.InitializeDatabase - Database connected.
2026-04-14 00:36:13 [main] INFO  Main.Main - Calling Login Module...
2026-04-14 00:36:14 [AWT-EventQueue-0] INFO  Main.Main - Initializing...
2026-04-14 00:36:14 [AWT-EventQueue-0] INFO  Main.Main - Opening Login Module...
2026-04-14 00:36:28 [AWT-EventQueue-0] INFO  Module.LoginMenu - Logging in...
2026-04-14 00:36:30 [AWT-EventQueue-0] INFO  Module.LoginMenu - Opened Login Module.
2026-04-14 00:36:30 [AWT-EventQueue-0] INFO  Module.LoginMenu - Login Successful.
2026-04-14 00:36:31 [AWT-EventQueue-0] INFO  Module.LoginMenu - Calling Main Menu Module...
2026-04-14 00:36:31 [AWT-EventQueue-0] INFO  Module.MainMenu - Checking User...
2026-04-14 00:36:31 [AWT-EventQueue-0] INFO  Module.MainMenu - Main Menu User: admin
2026-04-14 00:36:31 [AWT-EventQueue-0] INFO  Main.Main - Success Opening Main Menu.
2026-04-14 00:36:33 [AWT-EventQueue-0] INFO  Module.MainMenu - Clicked Order Menu...
2026-04-14 00:36:33 [AWT-EventQueue-0] INFO  Module.OrderMenu - Initializing Final Order Menu for user: admin
2026-04-14 00:36:33 [AWT-EventQueue-0] INFO  Main.Main - Success Opening Order Menu.
2026-04-14 00:36:50 [AWT-EventQueue-0] INFO  Module.MainMenu - Checking User...
2026-04-14 00:36:50 [AWT-EventQueue-0] INFO  Module.MainMenu - Main Menu User: admin
2026-04-14 00:36:50 [AWT-EventQueue-0] INFO  Main.Main - Success Opening Main Menu.
2026-04-14 00:36:52 [AWT-EventQueue-0] INFO  Module.MainMenu - Clicked Inventory Menu...
2026-04-14 00:36:52 [AWT-EventQueue-0] INFO  Module.InventoryMenu - Checking User...
2026-04-14 00:36:52 [AWT-EventQueue-0] INFO  Module.InventoryMenu - Inventory data loaded successfully.
2026-04-14 00:36:52 [AWT-EventQueue-0] INFO  Main.Main - Success Opening Inventory Menu.
2026-04-14 00:36:56 [AWT-EventQueue-0] INFO  Module.Dropdown - Returning to Main Menu...
2026-04-14 00:36:56 [AWT-EventQueue-0] INFO  Module.MainMenu - Checking User...
2026-04-14 00:36:56 [AWT-EventQueue-0] INFO  Module.MainMenu - Main Menu User: admin
2026-04-14 00:36:57 [AWT-EventQueue-0] INFO  Module.MainMenu - Clicked Inventory Menu...
2026-04-14 00:36:57 [AWT-EventQueue-0] INFO  Module.InventoryMenu - Checking User...
2026-04-14 00:36:57 [AWT-EventQueue-0] INFO  Module.InventoryMenu - Inventory data loaded successfully.
2026-04-14 00:36:57 [AWT-EventQueue-0] INFO  Main.Main - Success Opening Inventory Menu.
2026-04-14 00:37:24 [AWT-EventQueue-0] INFO  Module.InventoryMenu - Inventory data loaded successfully.
2026-04-14 00:37:27 [AWT-EventQueue-0] INFO  Module.Dropdown - Returning to Main Menu...
2026-04-14 00:37:27 [AWT-EventQueue-0] INFO  Module.MainMenu - Checking User...
2026-04-14 00:37:27 [AWT-EventQueue-0] INFO  Module.MainMenu - Main Menu User: admin
2026-04-14 00:37:28 [AWT-EventQueue-0] INFO  Module.MainMenu - Clicked Order Menu...
2026-04-14 00:37:28 [AWT-EventQueue-0] INFO  Module.OrderMenu - Initializing Final Order Menu for user: admin
2026-04-14 00:37:28 [AWT-EventQueue-0] INFO  Main.Main - Success Opening Order Menu.
2026-04-14 00:40:02 [main] INFO  Main.Main - ---------------------------------------------
2026-04-14 00:40:02 [main] INFO  Main.Main - |   Inventory System Started Successfully   |
2026-04-14 00:40:02 [main] INFO  Main.Main - ---------------------------------------------
2026-04-14 00:40:04 [main] INFO  Main.Main - Attempting to connect to the database...
2026-04-14 00:40:04 [main] INFO  Main.Main - Initializing...
2026-04-14 00:40:04 [main] INFO  Database.InitializeDatabase - Successfully connected to external database at: jdbc:sqlite:C:\Users\User\eclipse-workspace\AutomatedInventoryManagementSystem/database.db
2026-04-14 00:40:04 [main] INFO  Database.InitializeDatabase - Products table created successfully.
2026-04-14 00:40:04 [main] INFO  Database.InitializeDatabase - Database connected.
2026-04-14 00:40:06 [main] INFO  Main.Main - Calling Login Module...
2026-04-14 00:40:07 [AWT-EventQueue-0] INFO  Main.Main - Initializing...
2026-04-14 00:40:07 [AWT-EventQueue-0] INFO  Main.Main - Opening Login Module...
2026-04-14 00:40:11 [AWT-EventQueue-0] INFO  Module.LoginMenu - Logging in...
2026-04-14 00:40:12 [AWT-EventQueue-0] INFO  Module.LoginMenu - Opened Login Module.
2026-04-14 00:40:12 [AWT-EventQueue-0] INFO  Module.LoginMenu - Login Successful.
2026-04-14 00:40:13 [AWT-EventQueue-0] INFO  Module.LoginMenu - Calling Main Menu Module...
2026-04-14 00:40:13 [AWT-EventQueue-0] INFO  Module.MainMenu - Checking User...
2026-04-14 00:40:13 [AWT-EventQueue-0] INFO  Module.MainMenu - Main Menu User: admin
2026-04-14 00:40:13 [AWT-EventQueue-0] INFO  Main.Main - Success Opening Main Menu.
2026-04-14 00:40:14 [AWT-EventQueue-0] INFO  Module.MainMenu - Clicked Order Menu...
2026-04-14 00:40:14 [AWT-EventQueue-0] INFO  Module.OrderMenu - Initializing Final Order Menu for user: admin
2026-04-14 00:40:14 [AWT-EventQueue-0] INFO  Main.Main - Success Opening Order Menu.
2026-04-14 00:40:27 [AWT-EventQueue-0] INFO  Module.OrderMenu - Order processed successfully. Stock deducted.
2026-04-14 00:42:09 [main] INFO  Main.Main - ---------------------------------------------
2026-04-14 00:42:09 [main] INFO  Main.Main - |   Inventory System Started Successfully   |
2026-04-14 00:42:09 [main] INFO  Main.Main - ---------------------------------------------
2026-04-14 00:42:11 [main] INFO  Main.Main - Attempting to connect to the database...
2026-04-14 00:42:11 [main] INFO  Main.Main - Initializing...
2026-04-14 00:42:11 [main] INFO  Database.InitializeDatabase - Successfully connected to external database at: jdbc:sqlite:C:\Users\User\eclipse-workspace\AutomatedInventoryManagementSystem/database.db
2026-04-14 00:42:11 [main] INFO  Database.InitializeDatabase - Products table created successfully.
2026-04-14 00:42:11 [main] INFO  Database.InitializeDatabase - Database connected.
2026-04-14 00:42:13 [main] INFO  Main.Main - Calling Login Module...
2026-04-14 00:42:14 [AWT-EventQueue-0] INFO  Main.Main - Initializing...
2026-04-14 00:42:15 [AWT-EventQueue-0] INFO  Main.Main - Opening Login Module...
2026-04-14 00:42:28 [AWT-EventQueue-0] INFO  Module.LoginMenu - Logging in...
2026-04-14 00:42:29 [AWT-EventQueue-0] INFO  Module.LoginMenu - Opened Login Module.
2026-04-14 00:42:29 [AWT-EventQueue-0] INFO  Module.LoginMenu - Login Successful.
2026-04-14 00:42:30 [AWT-EventQueue-0] INFO  Module.LoginMenu - Calling Main Menu Module...
2026-04-14 00:42:30 [AWT-EventQueue-0] INFO  Module.MainMenu - Checking User...
2026-04-14 00:42:30 [AWT-EventQueue-0] INFO  Module.MainMenu - Main Menu User: admin
2026-04-14 00:42:30 [AWT-EventQueue-0] INFO  Main.Main - Success Opening Main Menu.
2026-04-14 00:42:32 [AWT-EventQueue-0] INFO  Module.MainMenu - Clicked Order Menu...
2026-04-14 00:42:32 [AWT-EventQueue-0] INFO  Module.OrderMenu - Initializing Final Order Menu for user: admin
2026-04-14 00:42:32 [AWT-EventQueue-0] INFO  Main.Main - Success Opening Order Menu.
2026-04-14 00:43:41 [AWT-EventQueue-0] INFO  Module.OrderMenu - Order processed successfully. Stock deducted.
2026-04-14 00:44:55 [main] INFO  Main.Main - ---------------------------------------------
2026-04-14 00:44:55 [main] INFO  Main.Main - |   Inventory System Started Successfully   |
2026-04-14 00:44:55 [main] INFO  Main.Main - ---------------------------------------------
2026-04-14 00:44:56 [main] INFO  Main.Main - Attempting to connect to the database...
2026-04-14 00:44:57 [main] INFO  Main.Main - Initializing...
2026-04-14 00:44:57 [main] INFO  Database.InitializeDatabase - Successfully connected to external database at: jdbc:sqlite:C:\Users\User\eclipse-workspace\AutomatedInventoryManagementSystem/database.db
2026-04-14 00:44:57 [main] INFO  Database.InitializeDatabase - Products table created successfully.
2026-04-14 00:44:57 [main] INFO  Database.InitializeDatabase - Database connected.
2026-04-14 00:44:58 [main] INFO  Main.Main - Calling Login Module...
2026-04-14 00:45:00 [AWT-EventQueue-0] INFO  Main.Main - Initializing...
2026-04-14 00:45:00 [AWT-EventQueue-0] INFO  Main.Main - Opening Login Module...
2026-04-14 00:45:06 [AWT-EventQueue-0] INFO  Module.LoginMenu - Logging in...
2026-04-14 00:45:08 [AWT-EventQueue-0] INFO  Module.LoginMenu - Opened Login Module.
2026-04-14 00:45:08 [AWT-EventQueue-0] INFO  Module.LoginMenu - Login Successful.
2026-04-14 00:45:09 [AWT-EventQueue-0] INFO  Module.LoginMenu - Calling Main Menu Module...
2026-04-14 00:45:09 [AWT-EventQueue-0] INFO  Module.MainMenu - Checking User...
2026-04-14 00:45:09 [AWT-EventQueue-0] INFO  Module.MainMenu - Main Menu User: admin
2026-04-14 00:45:09 [AWT-EventQueue-0] INFO  Main.Main - Success Opening Main Menu.
2026-04-14 00:45:10 [AWT-EventQueue-0] INFO  Module.MainMenu - Clicked Order Menu...
2026-04-14 00:45:10 [AWT-EventQueue-0] INFO  Module.OrderMenu - Initializing Final Order Menu for user: admin
2026-04-14 00:45:10 [AWT-EventQueue-0] INFO  Main.Main - Success Opening Order Menu.
2026-04-14 00:45:17 [AWT-EventQueue-0] INFO  Module.OrderMenu - Order processed successfully. Stock deducted.
2026-04-14 00:46:05 [AWT-EventQueue-0] INFO  Module.MainMenu - Checking User...
2026-04-14 00:46:05 [AWT-EventQueue-0] INFO  Module.MainMenu - Main Menu User: admin
2026-04-14 00:46:05 [AWT-EventQueue-0] INFO  Main.Main - Success Opening Main Menu.
2026-04-14 00:46:06 [AWT-EventQueue-0] INFO  Module.MainMenu - Clicked Order Menu...
2026-04-14 00:46:06 [AWT-EventQueue-0] INFO  Module.OrderMenu - Initializing Final Order Menu for user: admin
2026-04-14 00:46:06 [AWT-EventQueue-0] INFO  Main.Main - Success Opening Order Menu.
2026-04-14 00:46:12 [AWT-EventQueue-0] INFO  Module.Dropdown - Returning to Main Menu...
2026-04-14 00:46:12 [AWT-EventQueue-0] INFO  Module.MainMenu - Checking User...
2026-04-14 00:46:12 [AWT-EventQueue-0] INFO  Module.MainMenu - Main Menu User: admin
2026-04-14 00:46:13 [AWT-EventQueue-0] INFO  Module.MainMenu - Clicked Inventory Menu...
2026-04-14 00:46:13 [AWT-EventQueue-0] INFO  Module.InventoryMenu - Checking User...
2026-04-14 00:46:13 [AWT-EventQueue-0] INFO  Module.InventoryMenu - Inventory data loaded successfully.
2026-04-14 00:46:13 [AWT-EventQueue-0] INFO  Main.Main - Success Opening Inventory Menu.
2026-04-14 00:47:13 [AWT-EventQueue-0] INFO  Module.OrderMenu - Order processed successfully. Stock deducted.
2026-04-14 00:47:27 [AWT-EventQueue-0] INFO  Module.Dropdown - Returning to Main Menu...
2026-04-14 00:47:27 [AWT-EventQueue-0] INFO  Module.MainMenu - Checking User...
2026-04-14 00:47:27 [AWT-EventQueue-0] INFO  Module.MainMenu - Main Menu User: admin
2026-04-14 00:47:31 [AWT-EventQueue-0] INFO  Module.MainMenu - Clicked Order Menu...
2026-04-14 00:47:31 [AWT-EventQueue-0] INFO  Module.OrderMenu - Initializing Final Order Menu for user: admin
2026-04-14 00:47:31 [AWT-EventQueue-0] INFO  Main.Main - Success Opening Order Menu.
2026-04-14 00:47:36 [AWT-EventQueue-0] INFO  Module.Dropdown - Returning to Main Menu...
2026-04-14 00:47:36 [AWT-EventQueue-0] INFO  Module.MainMenu - Checking User...
2026-04-14 00:47:36 [AWT-EventQueue-0] INFO  Module.MainMenu - Main Menu User: admin
2026-04-14 00:47:36 [AWT-EventQueue-0] INFO  Module.MainMenu - Clicked Inventory Menu...
2026-04-14 00:47:36 [AWT-EventQueue-0] INFO  Module.InventoryMenu - Checking User...
2026-04-14 00:47:36 [AWT-EventQueue-0] INFO  Module.InventoryMenu - Inventory data loaded successfully.
2026-04-14 00:47:36 [AWT-EventQueue-0] INFO  Main.Main - Success Opening Inventory Menu.
2026-04-14 00:47:51 [AWT-EventQueue-0] INFO  Module.InventoryMenu - Updated product: Redmi Note 10
2026-04-14 00:47:51 [AWT-EventQueue-0] INFO  Module.InventoryMenu - Inventory data loaded successfully.
2026-04-14 00:47:55 [AWT-EventQueue-0] INFO  Module.Dropdown - Returning to Main Menu...
2026-04-14 00:47:55 [AWT-EventQueue-0] INFO  Module.MainMenu - Checking User...
2026-04-14 00:47:55 [AWT-EventQueue-0] INFO  Module.MainMenu - Main Menu User: admin
2026-04-14 00:47:56 [AWT-EventQueue-0] INFO  Module.MainMenu - Clicked Order Menu...
2026-04-14 00:47:56 [AWT-EventQueue-0] INFO  Module.OrderMenu - Initializing Final Order Menu for user: admin
2026-04-14 00:47:56 [AWT-EventQueue-0] INFO  Main.Main - Success Opening Order Menu.
2026-04-14 00:48:07 [AWT-EventQueue-0] INFO  Module.OrderMenu - Order processed successfully. Stock deducted.
2026-04-14 00:58:18 [main] INFO  Main.Main - ---------------------------------------------
2026-04-14 00:58:18 [main] INFO  Main.Main - |   Inventory System Started Successfully   |
2026-04-14 00:58:18 [main] INFO  Main.Main - ---------------------------------------------
2026-04-14 00:58:19 [main] INFO  Main.Main - Attempting to connect to the database...
2026-04-14 00:58:20 [main] INFO  Main.Main - Initializing...
2026-04-14 00:58:20 [main] INFO  Database.InitializeDatabase - Successfully connected to external database at: jdbc:sqlite:C:\Users\User\eclipse-workspace\AutomatedInventoryManagementSystem/database.db
2026-04-14 00:58:20 [main] INFO  Database.InitializeDatabase - Products table created successfully.
2026-04-14 00:58:20 [main] INFO  Database.InitializeDatabase - Database connected.
2026-04-14 00:58:21 [main] INFO  Main.Main - Calling Login Module...
2026-04-14 00:58:23 [AWT-EventQueue-0] INFO  Main.Main - Initializing...
2026-04-14 00:58:23 [AWT-EventQueue-0] INFO  Main.Main - Opening Login Module...
2026-04-14 00:58:40 [AWT-EventQueue-0] INFO  Module.LoginMenu - Logging in...
2026-04-14 00:58:41 [AWT-EventQueue-0] INFO  Module.LoginMenu - Opened Login Module.
2026-04-14 00:58:41 [AWT-EventQueue-0] INFO  Module.LoginMenu - Login Successful.
2026-04-14 00:58:48 [AWT-EventQueue-0] INFO  Module.LoginMenu - Calling Main Menu Module...
2026-04-14 00:58:48 [AWT-EventQueue-0] INFO  Module.MainMenu - Checking User...
2026-04-14 00:58:48 [AWT-EventQueue-0] INFO  Module.MainMenu - Main Menu User: admin
2026-04-14 00:58:48 [AWT-EventQueue-0] INFO  Main.Main - Success Opening Main Menu.
2026-04-14 00:58:54 [AWT-EventQueue-0] INFO  Module.MainMenu - Clicked Order Menu...
2026-04-14 00:58:54 [AWT-EventQueue-0] INFO  Module.OrderMenu - Initializing Final Order Menu for user: admin
2026-04-14 00:58:54 [AWT-EventQueue-0] INFO  Main.Main - Success Opening Order Menu.
2026-04-14 00:59:42 [AWT-EventQueue-0] INFO  Module.OrderMenu - Order processed successfully. Stock deducted.
2026-04-14 01:00:25 [main] INFO  Main.Main - ---------------------------------------------
2026-04-14 01:00:25 [main] INFO  Main.Main - |   Inventory System Started Successfully   |
2026-04-14 01:00:25 [main] INFO  Main.Main - ---------------------------------------------
2026-04-14 01:00:26 [main] INFO  Main.Main - Attempting to connect to the database...
2026-04-14 01:00:27 [main] INFO  Main.Main - Initializing...
2026-04-14 01:00:27 [main] INFO  Database.InitializeDatabase - Successfully connected to external database at: jdbc:sqlite:C:\Users\User\eclipse-workspace\AutomatedInventoryManagementSystem/database.db
2026-04-14 01:00:27 [main] INFO  Database.InitializeDatabase - Products table created successfully.
2026-04-14 01:00:27 [main] INFO  Database.InitializeDatabase - Database connected.
2026-04-14 01:00:29 [main] INFO  Main.Main - Calling Login Module...
2026-04-14 01:00:30 [AWT-EventQueue-0] INFO  Main.Main - Initializing...
2026-04-14 01:00:30 [AWT-EventQueue-0] INFO  Main.Main - Opening Login Module...
2026-04-14 01:00:46 [AWT-EventQueue-0] INFO  Module.LoginMenu - Logging in...
2026-04-14 01:00:48 [AWT-EventQueue-0] INFO  Module.LoginMenu - Opened Login Module.
2026-04-14 01:00:48 [AWT-EventQueue-0] INFO  Module.LoginMenu - Login Successful.
2026-04-14 01:00:48 [AWT-EventQueue-0] INFO  Module.LoginMenu - Calling Main Menu Module...
2026-04-14 01:00:48 [AWT-EventQueue-0] INFO  Module.MainMenu - Checking User...
2026-04-14 01:00:48 [AWT-EventQueue-0] INFO  Module.MainMenu - Main Menu User: admin
2026-04-14 01:00:49 [AWT-EventQueue-0] INFO  Main.Main - Success Opening Main Menu.
2026-04-14 01:00:53 [AWT-EventQueue-0] INFO  Module.MainMenu - Clicked Order Menu...
2026-04-14 01:00:53 [AWT-EventQueue-0] INFO  Module.OrderMenu - Initializing Final Order Menu for user: admin
2026-04-14 01:00:53 [AWT-EventQueue-0] INFO  Main.Main - Success Opening Order Menu.
2026-04-14 01:01:08 [AWT-EventQueue-0] INFO  Module.OrderMenu - Order processed successfully. Stock deducted.
2026-04-14 01:02:25 [main] INFO  Main.Main - ---------------------------------------------
2026-04-14 01:02:25 [main] INFO  Main.Main - |   Inventory System Started Successfully   |
2026-04-14 01:02:25 [main] INFO  Main.Main - ---------------------------------------------
2026-04-14 01:02:26 [main] INFO  Main.Main - Attempting to connect to the database...
2026-04-14 01:02:27 [main] INFO  Main.Main - Initializing...
2026-04-14 01:02:27 [main] INFO  Database.InitializeDatabase - Successfully connected to external database at: jdbc:sqlite:C:\Users\User\eclipse-workspace\AutomatedInventoryManagementSystem/database.db
2026-04-14 01:02:27 [main] INFO  Database.InitializeDatabase - Products table created successfully.
2026-04-14 01:02:27 [main] INFO  Database.InitializeDatabase - Database connected.
2026-04-14 01:02:28 [main] INFO  Main.Main - Calling Login Module...
2026-04-14 01:02:30 [AWT-EventQueue-0] INFO  Main.Main - Initializing...
2026-04-14 01:02:30 [AWT-EventQueue-0] INFO  Main.Main - Opening Login Module...
2026-04-14 01:02:42 [AWT-EventQueue-0] INFO  Module.LoginMenu - Logging in...
2026-04-14 01:02:44 [AWT-EventQueue-0] INFO  Module.LoginMenu - Opened Login Module.
2026-04-14 01:02:44 [AWT-EventQueue-0] INFO  Module.LoginMenu - Login Successful.
2026-04-14 01:02:44 [AWT-EventQueue-0] INFO  Module.LoginMenu - Calling Main Menu Module...
2026-04-14 01:02:44 [AWT-EventQueue-0] INFO  Module.MainMenu - Checking User...
2026-04-14 01:02:44 [AWT-EventQueue-0] INFO  Module.MainMenu - Main Menu User: admin
2026-04-14 01:02:44 [AWT-EventQueue-0] INFO  Main.Main - Success Opening Main Menu.
2026-04-14 01:02:45 [AWT-EventQueue-0] INFO  Module.MainMenu - Clicked Order Menu...
2026-04-14 01:02:45 [AWT-EventQueue-0] INFO  Module.OrderMenu - Initializing Final Order Menu for user: admin
2026-04-14 01:02:45 [AWT-EventQueue-0] INFO  Main.Main - Success Opening Order Menu.
2026-04-14 01:02:51 [AWT-EventQueue-0] INFO  Module.MainMenu - Checking User...
2026-04-14 01:02:51 [AWT-EventQueue-0] INFO  Module.MainMenu - Main Menu User: admin
2026-04-14 01:02:51 [AWT-EventQueue-0] INFO  Main.Main - Success Opening Main Menu.
2026-04-14 01:02:52 [AWT-EventQueue-0] INFO  Module.MainMenu - Clicked Inventory Menu...
2026-04-14 01:02:52 [AWT-EventQueue-0] INFO  Module.InventoryMenu - Checking User...
2026-04-14 01:02:52 [AWT-EventQueue-0] INFO  Module.InventoryMenu - Inventory data loaded successfully.
2026-04-14 01:02:52 [AWT-EventQueue-0] INFO  Main.Main - Success Opening Inventory Menu.
2026-04-14 01:02:59 [AWT-EventQueue-0] INFO  Module.InventoryMenu - Updated product: Redmi Note 10
2026-04-14 01:02:59 [AWT-EventQueue-0] INFO  Module.InventoryMenu - Inventory data loaded successfully.
2026-04-14 01:03:02 [AWT-EventQueue-0] INFO  Module.Dropdown - Returning to Main Menu...
2026-04-14 01:03:02 [AWT-EventQueue-0] INFO  Module.MainMenu - Checking User...
2026-04-14 01:03:02 [AWT-EventQueue-0] INFO  Module.MainMenu - Main Menu User: admin
2026-04-14 01:03:03 [AWT-EventQueue-0] INFO  Module.MainMenu - Clicked Order Menu...
2026-04-14 01:03:03 [AWT-EventQueue-0] INFO  Module.OrderMenu - Initializing Final Order Menu for user: admin
2026-04-14 01:03:03 [AWT-EventQueue-0] INFO  Main.Main - Success Opening Order Menu.
2026-04-14 01:03:34 [AWT-EventQueue-0] INFO  Module.OrderMenu - Order processed successfully. Stock deducted.
2026-04-14 01:04:05 [main] INFO  Main.Main - ---------------------------------------------
2026-04-14 01:04:05 [main] INFO  Main.Main - |   Inventory System Started Successfully   |
2026-04-14 01:04:05 [main] INFO  Main.Main - ---------------------------------------------
2026-04-14 01:04:06 [main] INFO  Main.Main - Attempting to connect to the database...
2026-04-14 01:04:07 [main] INFO  Main.Main - Initializing...
2026-04-14 01:04:07 [main] INFO  Database.InitializeDatabase - Successfully connected to external database at: jdbc:sqlite:C:\Users\User\eclipse-workspace\AutomatedInventoryManagementSystem/database.db
2026-04-14 01:04:07 [main] INFO  Database.InitializeDatabase - Products table created successfully.
2026-04-14 01:04:07 [main] INFO  Database.InitializeDatabase - Database connected.
2026-04-14 01:04:08 [main] INFO  Main.Main - Calling Login Module...
2026-04-14 01:04:10 [AWT-EventQueue-0] INFO  Main.Main - Initializing...
2026-04-14 01:04:10 [AWT-EventQueue-0] INFO  Main.Main - Opening Login Module...
2026-04-14 01:04:15 [AWT-EventQueue-0] INFO  Module.LoginMenu - Logging in...
2026-04-14 01:04:16 [AWT-EventQueue-0] INFO  Module.LoginMenu - Opened Login Module.
2026-04-14 01:04:16 [AWT-EventQueue-0] INFO  Module.LoginMenu - Login Successful.
2026-04-14 01:04:17 [AWT-EventQueue-0] INFO  Module.LoginMenu - Calling Main Menu Module...
2026-04-14 01:04:17 [AWT-EventQueue-0] INFO  Module.MainMenu - Checking User...
2026-04-14 01:04:17 [AWT-EventQueue-0] INFO  Module.MainMenu - Main Menu User: admin
2026-04-14 01:04:17 [AWT-EventQueue-0] INFO  Main.Main - Success Opening Main Menu.
2026-04-14 01:04:18 [AWT-EventQueue-0] INFO  Module.MainMenu - Clicked Order Menu...
2026-04-14 01:04:18 [AWT-EventQueue-0] INFO  Module.OrderMenu - Initializing Final Order Menu for user: admin
2026-04-14 01:04:18 [AWT-EventQueue-0] INFO  Main.Main - Success Opening Order Menu.
2026-04-14 01:04:23 [AWT-EventQueue-0] INFO  Module.OrderMenu - Order processed successfully. Stock deducted.
2026-04-14 01:04:32 [AWT-EventQueue-0] INFO  Module.Dropdown - Returning to Main Menu...
2026-04-14 01:04:32 [AWT-EventQueue-0] INFO  Module.MainMenu - Checking User...
2026-04-14 01:04:32 [AWT-EventQueue-0] INFO  Module.MainMenu - Main Menu User: admin
2026-04-14 01:04:33 [AWT-EventQueue-0] INFO  Module.MainMenu - Clicked Inventory Menu...
2026-04-14 01:04:33 [AWT-EventQueue-0] INFO  Module.InventoryMenu - Checking User...
2026-04-14 01:04:33 [AWT-EventQueue-0] INFO  Module.InventoryMenu - Inventory data loaded successfully.
2026-04-14 01:04:33 [AWT-EventQueue-0] INFO  Main.Main - Success Opening Inventory Menu.
2026-04-14 01:04:42 [AWT-EventQueue-0] INFO  Module.InventoryMenu - Updated product: Fuck Everything
2026-04-14 01:04:42 [AWT-EventQueue-0] INFO  Module.InventoryMenu - Inventory data loaded successfully.
2026-04-14 01:04:46 [AWT-EventQueue-0] INFO  Module.InventoryMenu - Updated product: Honor X7D
2026-04-14 01:04:46 [AWT-EventQueue-0] INFO  Module.InventoryMenu - Inventory data loaded successfully.
2026-04-14 01:04:49 [AWT-EventQueue-0] INFO  Module.InventoryMenu - Updated product: asdaasd
2026-04-14 01:04:49 [AWT-EventQueue-0] INFO  Module.InventoryMenu - Inventory data loaded successfully.
2026-04-14 01:04:52 [AWT-EventQueue-0] INFO  Module.InventoryMenu - Updated product: asd
2026-04-14 01:04:52 [AWT-EventQueue-0] INFO  Module.InventoryMenu - Inventory data loaded successfully.
2026-04-14 01:04:56 [AWT-EventQueue-0] INFO  Module.Dropdown - Returning to Main Menu...
2026-04-14 01:04:56 [AWT-EventQueue-0] INFO  Module.MainMenu - Checking User...
2026-04-14 01:04:56 [AWT-EventQueue-0] INFO  Module.MainMenu - Main Menu User: admin
2026-04-14 01:04:57 [AWT-EventQueue-0] INFO  Module.MainMenu - Clicked Order Menu...
2026-04-14 01:04:57 [AWT-EventQueue-0] INFO  Module.OrderMenu - Initializing Final Order Menu for user: admin
2026-04-14 01:04:57 [AWT-EventQueue-0] INFO  Main.Main - Success Opening Order Menu.
2026-04-14 01:05:31 [AWT-EventQueue-0] INFO  Module.OrderMenu - Order processed successfully. Stock deducted.
2026-04-14 01:06:10 [AWT-EventQueue-0] INFO  Module.MainMenu - Checking User...
2026-04-14 01:06:10 [AWT-EventQueue-0] INFO  Module.MainMenu - Main Menu User: admin
2026-04-14 01:06:10 [AWT-EventQueue-0] INFO  Main.Main - Success Opening Main Menu.
2026-04-14 01:11:34 [AWT-EventQueue-0] INFO  Module.MainMenu - Clicked Order Menu...
2026-04-14 01:11:34 [AWT-EventQueue-0] INFO  Module.OrderMenu - Initializing Final Order Menu for user: admin
2026-04-14 01:11:34 [AWT-EventQueue-0] INFO  Main.Main - Success Opening Order Menu.
2026-04-14 01:24:03 [main] INFO  Main.Main - ---------------------------------------------
2026-04-14 01:24:03 [main] INFO  Main.Main - |   Inventory System Started Successfully   |
2026-04-14 01:24:03 [main] INFO  Main.Main - ---------------------------------------------
2026-04-14 01:24:04 [main] INFO  Main.Main - Attempting to connect to the database...
2026-04-14 01:24:05 [main] INFO  Main.Main - Initializing...
2026-04-14 01:24:05 [main] INFO  Database.InitializeDatabase - Successfully connected to external database at: jdbc:sqlite:C:\Users\User\eclipse-workspace\AutomatedInventoryManagementSystem/database.db
2026-04-14 01:24:05 [main] INFO  Database.InitializeDatabase - Products table created successfully.
2026-04-14 01:24:05 [main] INFO  Database.InitializeDatabase - Database connected.
2026-04-14 01:24:07 [main] INFO  Main.Main - Calling Login Module...
2026-04-14 01:24:08 [AWT-EventQueue-0] INFO  Main.Main - Initializing...
2026-04-14 01:24:08 [AWT-EventQueue-0] INFO  Main.Main - Opening Login Module...
2026-04-14 01:24:12 [AWT-EventQueue-0] INFO  Module.LoginMenu - Logging in...
2026-04-14 01:24:14 [AWT-EventQueue-0] INFO  Module.LoginMenu - Opened Login Module.
2026-04-14 01:24:14 [AWT-EventQueue-0] INFO  Module.LoginMenu - Login Successful.
2026-04-14 01:24:14 [AWT-EventQueue-0] INFO  Module.LoginMenu - Calling Main Menu Module...
2026-04-14 01:24:14 [AWT-EventQueue-0] INFO  Module.MainMenu - Checking User...
2026-04-14 01:24:14 [AWT-EventQueue-0] INFO  Module.MainMenu - Main Menu User: admin
2026-04-14 01:24:15 [AWT-EventQueue-0] INFO  Main.Main - Success Opening Main Menu.
2026-04-14 01:24:15 [AWT-EventQueue-0] INFO  Module.MainMenu - Clicked Sales Report...
2026-04-14 01:24:15 [AWT-EventQueue-0] INFO  Module.SalesReport - Initializing Full-Stack Sales Report Menu for user: null
2026-04-14 01:24:39 [main] INFO  Main.Main - ---------------------------------------------
2026-04-14 01:24:39 [main] INFO  Main.Main - |   Inventory System Started Successfully   |
2026-04-14 01:24:39 [main] INFO  Main.Main - ---------------------------------------------
2026-04-14 01:24:41 [main] INFO  Main.Main - Attempting to connect to the database...
2026-04-14 01:24:41 [main] INFO  Main.Main - Initializing...
2026-04-14 01:24:41 [main] INFO  Database.InitializeDatabase - Successfully connected to external database at: jdbc:sqlite:C:\Users\User\eclipse-workspace\AutomatedInventoryManagementSystem/database.db
2026-04-14 01:24:41 [main] INFO  Database.InitializeDatabase - Products table created successfully.
2026-04-14 01:24:41 [main] INFO  Database.InitializeDatabase - Database connected.
2026-04-14 01:24:43 [main] INFO  Main.Main - Calling Login Module...
2026-04-14 01:24:44 [AWT-EventQueue-0] INFO  Main.Main - Initializing...
2026-04-14 01:24:45 [AWT-EventQueue-0] INFO  Main.Main - Opening Login Module...
2026-04-14 01:24:48 [AWT-EventQueue-0] INFO  Module.LoginMenu - Logging in...
2026-04-14 01:24:49 [AWT-EventQueue-0] INFO  Module.LoginMenu - Opened Login Module.
2026-04-14 01:24:49 [AWT-EventQueue-0] INFO  Module.LoginMenu - Login Successful.
2026-04-14 01:24:50 [AWT-EventQueue-0] INFO  Module.LoginMenu - Calling Main Menu Module...
2026-04-14 01:24:50 [AWT-EventQueue-0] INFO  Module.MainMenu - Checking User...
2026-04-14 01:24:50 [AWT-EventQueue-0] INFO  Module.MainMenu - Main Menu User: admin
2026-04-14 01:24:50 [AWT-EventQueue-0] INFO  Main.Main - Success Opening Main Menu.
2026-04-14 01:24:50 [AWT-EventQueue-0] INFO  Module.MainMenu - Clicked Sales Report...
2026-04-14 01:24:50 [AWT-EventQueue-0] INFO  Module.SalesReport - Initializing Full-Stack Sales Report Menu for user: admin
2026-04-14 01:24:50 [AWT-EventQueue-0] ERROR Module.SalesReport - Failed to load sales data. Make sure the 'Transactions' table exists in database.db
org.sqlite.SQLiteException: [SQLITE_ERROR] SQL error or missing database (no such table: Transactions)
	at org.sqlite.core.DB.newSQLException(DB.java:1179)
	at org.sqlite.core.DB.newSQLException(DB.java:1190)
	at org.sqlite.core.DB.throwex(DB.java:1150)
	at org.sqlite.core.NativeDB.prepare_utf8(Native Method)
	at org.sqlite.core.NativeDB.prepare(NativeDB.java:135)
	at org.sqlite.core.DB.prepare(DB.java:264)
	at org.sqlite.jdbc3.JDBC3Statement.lambda$executeQuery$1(JDBC3Statement.java:87)
	at org.sqlite.jdbc3.JDBC3Statement.withConnectionTimeout(JDBC3Statement.java:458)
	at org.sqlite.jdbc3.JDBC3Statement.executeQuery(JDBC3Statement.java:85)
	at Module.SalesReport.loadSalesData(SalesReport.java:207)
	at Module.SalesReport.setupBackendLogic(SalesReport.java:185)
	at Module.SalesReport.<init>(SalesReport.java:76)
	at Main.Main.openSalesReport(Main.java:138)
	at Module.MainMenu$3.actionPerformed(MainMenu.java:124)
	at javax.swing.AbstractButton.fireActionPerformed(Unknown Source)
	at javax.swing.AbstractButton$Handler.actionPerformed(Unknown Source)
	at javax.swing.DefaultButtonModel.fireActionPerformed(Unknown Source)
	at javax.swing.DefaultButtonModel.setPressed(Unknown Source)
	at javax.swing.plaf.basic.BasicButtonListener.mouseReleased(Unknown Source)
	at java.awt.Component.processMouseEvent(Unknown Source)
	at javax.swing.JComponent.processMouseEvent(Unknown Source)
	at java.awt.Component.processEvent(Unknown Source)
	at java.awt.Container.processEvent(Unknown Source)
	at java.awt.Component.dispatchEventImpl(Unknown Source)
	at java.awt.Container.dispatchEventImpl(Unknown Source)
	at java.awt.Component.dispatchEvent(Unknown Source)
	at java.awt.LightweightDispatcher.retargetMouseEvent(Unknown Source)
	at java.awt.LightweightDispatcher.processMouseEvent(Unknown Source)
	at java.awt.LightweightDispatcher.dispatchEvent(Unknown Source)
	at java.awt.Container.dispatchEventImpl(Unknown Source)
	at java.awt.Window.dispatchEventImpl(Unknown Source)
	at java.awt.Component.dispatchEvent(Unknown Source)
	at java.awt.EventQueue.dispatchEventImpl(Unknown Source)
	at java.awt.EventQueue.access$500(Unknown Source)
	at java.awt.EventQueue$3.run(Unknown Source)
	at java.awt.EventQueue$3.run(Unknown Source)
	at java.security.AccessController.doPrivileged(Native Method)
	at java.security.ProtectionDomain$JavaSecurityAccessImpl.doIntersectionPrivilege(Unknown Source)
	at java.security.ProtectionDomain$JavaSecurityAccessImpl.doIntersectionPrivilege(Unknown Source)
	at java.awt.EventQueue$4.run(Unknown Source)
	at java.awt.EventQueue$4.run(Unknown Source)
	at java.security.AccessController.doPrivileged(Native Method)
	at java.security.ProtectionDomain$JavaSecurityAccessImpl.doIntersectionPrivilege(Unknown Source)
	at java.awt.EventQueue.dispatchEvent(Unknown Source)
	at java.awt.EventDispatchThread.pumpOneEventForFilters(Unknown Source)
	at java.awt.EventDispatchThread.pumpEventsForFilter(Unknown Source)
	at java.awt.EventDispatchThread.pumpEventsForHierarchy(Unknown Source)
	at java.awt.EventDispatchThread.pumpEvents(Unknown Source)
	at java.awt.EventDispatchThread.pumpEvents(Unknown Source)
	at java.awt.EventDispatchThread.run(Unknown Source)
2026-04-14 01:36:32 [main] INFO  Main.Main - ---------------------------------------------
2026-04-14 01:36:32 [main] INFO  Main.Main - |   Inventory System Started Successfully   |
2026-04-14 01:36:32 [main] INFO  Main.Main - ---------------------------------------------
2026-04-14 01:36:33 [main] INFO  Main.Main - Attempting to connect to the database...
2026-04-14 01:36:34 [main] INFO  Main.Main - Initializing...
2026-04-14 01:36:34 [main] INFO  Database.InitializeDatabase - Successfully connected to external database at: jdbc:sqlite:C:\Users\User\eclipse-workspace\AutomatedInventoryManagementSystem/database.db
2026-04-14 01:36:34 [main] INFO  Database.InitializeDatabase - Products table created successfully.
2026-04-14 01:36:34 [main] ERROR Database.InitializeDatabase - Database connection failed!
org.sqlite.SQLiteException: [SQLITE_ERROR] SQL error or missing database (near ".": syntax error)
	at org.sqlite.core.DB.newSQLException(DB.java:1179)
	at org.sqlite.core.DB.newSQLException(DB.java:1190)
	at org.sqlite.core.DB.throwex(DB.java:1150)
	at org.sqlite.core.NativeDB.prepare_utf8(Native Method)
	at org.sqlite.core.NativeDB.prepare(NativeDB.java:135)
	at org.sqlite.core.DB.prepare(DB.java:264)
	at org.sqlite.jdbc3.JDBC3Statement.lambda$execute$0(JDBC3Statement.java:55)
	at org.sqlite.jdbc3.JDBC3Statement.withConnectionTimeout(JDBC3Statement.java:458)
	at org.sqlite.jdbc3.JDBC3Statement.execute(JDBC3Statement.java:44)
	at Database.InitializeDatabase.initializeDatabase(InitializeDatabase.java:64)
	at Main.Main.main(Main.java:35)
2026-04-14 01:36:36 [main] INFO  Main.Main - Calling Login Module...
2026-04-14 01:36:37 [AWT-EventQueue-0] INFO  Main.Main - Initializing...
2026-04-14 01:36:37 [AWT-EventQueue-0] INFO  Main.Main - Opening Login Module...
2026-04-14 01:37:26 [AWT-EventQueue-0] INFO  Module.LoginMenu - Logging in...
2026-04-14 01:37:28 [AWT-EventQueue-0] INFO  Module.LoginMenu - Opened Login Module.
2026-04-14 01:37:28 [AWT-EventQueue-0] INFO  Module.LoginMenu - Login Successful.
2026-04-14 01:37:28 [AWT-EventQueue-0] INFO  Module.LoginMenu - Calling Main Menu Module...
2026-04-14 01:37:28 [AWT-EventQueue-0] INFO  Module.MainMenu - Checking User...
2026-04-14 01:37:28 [AWT-EventQueue-0] INFO  Module.MainMenu - Main Menu User: admin
2026-04-14 01:37:29 [AWT-EventQueue-0] INFO  Main.Main - Success Opening Main Menu.
2026-04-14 01:37:29 [AWT-EventQueue-0] INFO  Module.MainMenu - Clicked Sales Report...
2026-04-14 01:37:29 [AWT-EventQueue-0] INFO  Module.SalesReport - Initializing Full-Stack Sales Report Menu for user: admin
2026-04-14 01:37:29 [AWT-EventQueue-0] ERROR Module.SalesReport - Failed to load sales data. Make sure the 'Transactions' table exists in database.db
org.sqlite.SQLiteException: [SQLITE_ERROR] SQL error or missing database (no such table: Transactions)
	at org.sqlite.core.DB.newSQLException(DB.java:1179)
	at org.sqlite.core.DB.newSQLException(DB.java:1190)
	at org.sqlite.core.DB.throwex(DB.java:1150)
	at org.sqlite.core.NativeDB.prepare_utf8(Native Method)
	at org.sqlite.core.NativeDB.prepare(NativeDB.java:135)
	at org.sqlite.core.DB.prepare(DB.java:264)
	at org.sqlite.jdbc3.JDBC3Statement.lambda$executeQuery$1(JDBC3Statement.java:87)
	at org.sqlite.jdbc3.JDBC3Statement.withConnectionTimeout(JDBC3Statement.java:458)
	at org.sqlite.jdbc3.JDBC3Statement.executeQuery(JDBC3Statement.java:85)
	at Module.SalesReport.loadSalesData(SalesReport.java:207)
	at Module.SalesReport.setupBackendLogic(SalesReport.java:185)
	at Module.SalesReport.<init>(SalesReport.java:76)
	at Main.Main.openSalesReport(Main.java:138)
	at Module.MainMenu$3.actionPerformed(MainMenu.java:124)
	at javax.swing.AbstractButton.fireActionPerformed(Unknown Source)
	at javax.swing.AbstractButton$Handler.actionPerformed(Unknown Source)
	at javax.swing.DefaultButtonModel.fireActionPerformed(Unknown Source)
	at javax.swing.DefaultButtonModel.setPressed(Unknown Source)
	at javax.swing.plaf.basic.BasicButtonListener.mouseReleased(Unknown Source)
	at java.awt.Component.processMouseEvent(Unknown Source)
	at javax.swing.JComponent.processMouseEvent(Unknown Source)
	at java.awt.Component.processEvent(Unknown Source)
	at java.awt.Container.processEvent(Unknown Source)
	at java.awt.Component.dispatchEventImpl(Unknown Source)
	at java.awt.Container.dispatchEventImpl(Unknown Source)
	at java.awt.Component.dispatchEvent(Unknown Source)
	at java.awt.LightweightDispatcher.retargetMouseEvent(Unknown Source)
	at java.awt.LightweightDispatcher.processMouseEvent(Unknown Source)
	at java.awt.LightweightDispatcher.dispatchEvent(Unknown Source)
	at java.awt.Container.dispatchEventImpl(Unknown Source)
	at java.awt.Window.dispatchEventImpl(Unknown Source)
	at java.awt.Component.dispatchEvent(Unknown Source)
	at java.awt.EventQueue.dispatchEventImpl(Unknown Source)
	at java.awt.EventQueue.access$500(Unknown Source)
	at java.awt.EventQueue$3.run(Unknown Source)
	at java.awt.EventQueue$3.run(Unknown Source)
	at java.security.AccessController.doPrivileged(Native Method)
	at java.security.ProtectionDomain$JavaSecurityAccessImpl.doIntersectionPrivilege(Unknown Source)
	at java.security.ProtectionDomain$JavaSecurityAccessImpl.doIntersectionPrivilege(Unknown Source)
	at java.awt.EventQueue$4.run(Unknown Source)
	at java.awt.EventQueue$4.run(Unknown Source)
	at java.security.AccessController.doPrivileged(Native Method)
	at java.security.ProtectionDomain$JavaSecurityAccessImpl.doIntersectionPrivilege(Unknown Source)
	at java.awt.EventQueue.dispatchEvent(Unknown Source)
	at java.awt.EventDispatchThread.pumpOneEventForFilters(Unknown Source)
	at java.awt.EventDispatchThread.pumpEventsForFilter(Unknown Source)
	at java.awt.EventDispatchThread.pumpEventsForHierarchy(Unknown Source)
	at java.awt.EventDispatchThread.pumpEvents(Unknown Source)
	at java.awt.EventDispatchThread.pumpEvents(Unknown Source)
	at java.awt.EventDispatchThread.run(Unknown Source)
2026-04-14 01:38:40 [AWT-EventQueue-0] INFO  Main.Main - Success Opening Sales Menu.
2026-04-14 01:38:47 [AWT-EventQueue-0] INFO  Module.MainMenu - Checking User...
2026-04-14 01:38:47 [AWT-EventQueue-0] INFO  Module.MainMenu - Main Menu User: admin
2026-04-14 01:38:47 [AWT-EventQueue-0] INFO  Main.Main - Success Opening Main Menu.
2026-04-14 01:38:47 [AWT-EventQueue-0] INFO  Module.MainMenu - Clicked Sales Report...
2026-04-14 01:38:47 [AWT-EventQueue-0] INFO  Module.SalesReport - Initializing Full-Stack Sales Report Menu for user: admin
2026-04-14 01:38:47 [AWT-EventQueue-0] ERROR Module.SalesReport - Failed to load sales data. Make sure the 'Transactions' table exists in database.db
org.sqlite.SQLiteException: [SQLITE_ERROR] SQL error or missing database (no such table: Transactions)
	at org.sqlite.core.DB.newSQLException(DB.java:1179)
	at org.sqlite.core.DB.newSQLException(DB.java:1190)
	at org.sqlite.core.DB.throwex(DB.java:1150)
	at org.sqlite.core.NativeDB.prepare_utf8(Native Method)
	at org.sqlite.core.NativeDB.prepare(NativeDB.java:135)
	at org.sqlite.core.DB.prepare(DB.java:264)
	at org.sqlite.jdbc3.JDBC3Statement.lambda$executeQuery$1(JDBC3Statement.java:87)
	at org.sqlite.jdbc3.JDBC3Statement.withConnectionTimeout(JDBC3Statement.java:458)
	at org.sqlite.jdbc3.JDBC3Statement.executeQuery(JDBC3Statement.java:85)
	at Module.SalesReport.loadSalesData(SalesReport.java:207)
	at Module.SalesReport.setupBackendLogic(SalesReport.java:185)
	at Module.SalesReport.<init>(SalesReport.java:76)
	at Main.Main.openSalesReport(Main.java:138)
	at Module.MainMenu$3.actionPerformed(MainMenu.java:124)
	at javax.swing.AbstractButton.fireActionPerformed(Unknown Source)
	at javax.swing.AbstractButton$Handler.actionPerformed(Unknown Source)
	at javax.swing.DefaultButtonModel.fireActionPerformed(Unknown Source)
	at javax.swing.DefaultButtonModel.setPressed(Unknown Source)
	at javax.swing.plaf.basic.BasicButtonListener.mouseReleased(Unknown Source)
	at java.awt.Component.processMouseEvent(Unknown Source)
	at javax.swing.JComponent.processMouseEvent(Unknown Source)
	at java.awt.Component.processEvent(Unknown Source)
	at java.awt.Container.processEvent(Unknown Source)
	at java.awt.Component.dispatchEventImpl(Unknown Source)
	at java.awt.Container.dispatchEventImpl(Unknown Source)
	at java.awt.Component.dispatchEvent(Unknown Source)
	at java.awt.LightweightDispatcher.retargetMouseEvent(Unknown Source)
	at java.awt.LightweightDispatcher.processMouseEvent(Unknown Source)
	at java.awt.LightweightDispatcher.dispatchEvent(Unknown Source)
	at java.awt.Container.dispatchEventImpl(Unknown Source)
	at java.awt.Window.dispatchEventImpl(Unknown Source)
	at java.awt.Component.dispatchEvent(Unknown Source)
	at java.awt.EventQueue.dispatchEventImpl(Unknown Source)
	at java.awt.EventQueue.access$500(Unknown Source)
	at java.awt.EventQueue$3.run(Unknown Source)
	at java.awt.EventQueue$3.run(Unknown Source)
	at java.security.AccessController.doPrivileged(Native Method)
	at java.security.ProtectionDomain$JavaSecurityAccessImpl.doIntersectionPrivilege(Unknown Source)
	at java.security.ProtectionDomain$JavaSecurityAccessImpl.doIntersectionPrivilege(Unknown Source)
	at java.awt.EventQueue$4.run(Unknown Source)
	at java.awt.EventQueue$4.run(Unknown Source)
	at java.security.AccessController.doPrivileged(Native Method)
	at java.security.ProtectionDomain$JavaSecurityAccessImpl.doIntersectionPrivilege(Unknown Source)
	at java.awt.EventQueue.dispatchEvent(Unknown Source)
	at java.awt.EventDispatchThread.pumpOneEventForFilters(Unknown Source)
	at java.awt.EventDispatchThread.pumpEventsForFilter(Unknown Source)
	at java.awt.EventDispatchThread.pumpEventsForHierarchy(Unknown Source)
	at java.awt.EventDispatchThread.pumpEvents(Unknown Source)
	at java.awt.EventDispatchThread.pumpEvents(Unknown Source)
	at java.awt.EventDispatchThread.run(Unknown Source)
2026-04-14 01:38:48 [AWT-EventQueue-0] INFO  Main.Main - Success Opening Sales Menu.
2026-04-14 01:38:49 [AWT-EventQueue-0] INFO  Module.MainMenu - Checking User...
2026-04-14 01:38:49 [AWT-EventQueue-0] INFO  Module.MainMenu - Main Menu User: admin
2026-04-14 01:38:49 [AWT-EventQueue-0] INFO  Main.Main - Success Opening Main Menu.
2026-04-14 01:38:50 [AWT-EventQueue-0] INFO  Module.MainMenu - Clicked Order Menu...
2026-04-14 01:38:50 [AWT-EventQueue-0] INFO  Module.OrderMenu - Initializing Final Order Menu for user: admin
2026-04-14 01:38:50 [AWT-EventQueue-0] INFO  Main.Main - Success Opening Order Menu.
2026-04-14 01:38:53 [AWT-EventQueue-0] INFO  Module.Dropdown - Returning to Main Menu...
2026-04-14 01:38:53 [AWT-EventQueue-0] INFO  Module.MainMenu - Checking User...
2026-04-14 01:38:53 [AWT-EventQueue-0] INFO  Module.MainMenu - Main Menu User: admin
2026-04-14 01:38:53 [AWT-EventQueue-0] INFO  Module.MainMenu - Clicked Sales Report...
2026-04-14 01:38:53 [AWT-EventQueue-0] INFO  Module.SalesReport - Initializing Full-Stack Sales Report Menu for user: admin
2026-04-14 01:38:53 [AWT-EventQueue-0] ERROR Module.SalesReport - Failed to load sales data. Make sure the 'Transactions' table exists in database.db
org.sqlite.SQLiteException: [SQLITE_ERROR] SQL error or missing database (no such table: Transactions)
	at org.sqlite.core.DB.newSQLException(DB.java:1179)
	at org.sqlite.core.DB.newSQLException(DB.java:1190)
	at org.sqlite.core.DB.throwex(DB.java:1150)
	at org.sqlite.core.NativeDB.prepare_utf8(Native Method)
	at org.sqlite.core.NativeDB.prepare(NativeDB.java:135)
	at org.sqlite.core.DB.prepare(DB.java:264)
	at org.sqlite.jdbc3.JDBC3Statement.lambda$executeQuery$1(JDBC3Statement.java:87)
	at org.sqlite.jdbc3.JDBC3Statement.withConnectionTimeout(JDBC3Statement.java:458)
	at org.sqlite.jdbc3.JDBC3Statement.executeQuery(JDBC3Statement.java:85)
	at Module.SalesReport.loadSalesData(SalesReport.java:207)
	at Module.SalesReport.setupBackendLogic(SalesReport.java:185)
	at Module.SalesReport.<init>(SalesReport.java:76)
	at Main.Main.openSalesReport(Main.java:138)
	at Module.MainMenu$3.actionPerformed(MainMenu.java:124)
	at javax.swing.AbstractButton.fireActionPerformed(Unknown Source)
	at javax.swing.AbstractButton$Handler.actionPerformed(Unknown Source)
	at javax.swing.DefaultButtonModel.fireActionPerformed(Unknown Source)
	at javax.swing.DefaultButtonModel.setPressed(Unknown Source)
	at javax.swing.plaf.basic.BasicButtonListener.mouseReleased(Unknown Source)
	at java.awt.Component.processMouseEvent(Unknown Source)
	at javax.swing.JComponent.processMouseEvent(Unknown Source)
	at java.awt.Component.processEvent(Unknown Source)
	at java.awt.Container.processEvent(Unknown Source)
	at java.awt.Component.dispatchEventImpl(Unknown Source)
	at java.awt.Container.dispatchEventImpl(Unknown Source)
	at java.awt.Component.dispatchEvent(Unknown Source)
	at java.awt.LightweightDispatcher.retargetMouseEvent(Unknown Source)
	at java.awt.LightweightDispatcher.processMouseEvent(Unknown Source)
	at java.awt.LightweightDispatcher.dispatchEvent(Unknown Source)
	at java.awt.Container.dispatchEventImpl(Unknown Source)
	at java.awt.Window.dispatchEventImpl(Unknown Source)
	at java.awt.Component.dispatchEvent(Unknown Source)
	at java.awt.EventQueue.dispatchEventImpl(Unknown Source)
	at java.awt.EventQueue.access$500(Unknown Source)
	at java.awt.EventQueue$3.run(Unknown Source)
	at java.awt.EventQueue$3.run(Unknown Source)
	at java.security.AccessController.doPrivileged(Native Method)
	at java.security.ProtectionDomain$JavaSecurityAccessImpl.doIntersectionPrivilege(Unknown Source)
	at java.security.ProtectionDomain$JavaSecurityAccessImpl.doIntersectionPrivilege(Unknown Source)
	at java.awt.EventQueue$4.run(Unknown Source)
	at java.awt.EventQueue$4.run(Unknown Source)
	at java.security.AccessController.doPrivileged(Native Method)
	at java.security.ProtectionDomain$JavaSecurityAccessImpl.doIntersectionPrivilege(Unknown Source)
	at java.awt.EventQueue.dispatchEvent(Unknown Source)
	at java.awt.EventDispatchThread.pumpOneEventForFilters(Unknown Source)
	at java.awt.EventDispatchThread.pumpEventsForFilter(Unknown Source)
	at java.awt.EventDispatchThread.pumpEventsForHierarchy(Unknown Source)
	at java.awt.EventDispatchThread.pumpEvents(Unknown Source)
	at java.awt.EventDispatchThread.pumpEvents(Unknown Source)
	at java.awt.EventDispatchThread.run(Unknown Source)
2026-04-14 01:39:48 [AWT-EventQueue-0] INFO  Main.Main - Success Opening Sales Menu.
2026-04-14 01:40:36 [main] INFO  Main.Main - ---------------------------------------------
2026-04-14 01:40:36 [main] INFO  Main.Main - |   Inventory System Started Successfully   |
2026-04-14 01:40:36 [main] INFO  Main.Main - ---------------------------------------------
2026-04-14 01:40:38 [main] INFO  Main.Main - Attempting to connect to the database...
2026-04-14 01:40:38 [main] INFO  Main.Main - Initializing...
2026-04-14 01:40:38 [main] INFO  Database.InitializeDatabase - Successfully connected to external database at: jdbc:sqlite:C:\Users\User\eclipse-workspace\AutomatedInventoryManagementSystem/database.db
2026-04-14 01:40:38 [main] INFO  Database.InitializeDatabase - Products table created successfully.
2026-04-14 01:40:38 [main] INFO  Database.InitializeDatabase - Transaction table created successfully.
2026-04-14 01:40:38 [main] INFO  Database.InitializeDatabase - Database connected.
2026-04-14 01:40:40 [main] INFO  Main.Main - Calling Login Module...
2026-04-14 01:40:41 [AWT-EventQueue-0] INFO  Main.Main - Initializing...
2026-04-14 01:40:41 [AWT-EventQueue-0] INFO  Main.Main - Opening Login Module...
2026-04-14 01:40:45 [AWT-EventQueue-0] INFO  Module.LoginMenu - Logging in...
2026-04-14 01:40:47 [AWT-EventQueue-0] INFO  Module.LoginMenu - Opened Login Module.
2026-04-14 01:40:47 [AWT-EventQueue-0] INFO  Module.LoginMenu - Login Successful.
2026-04-14 01:40:47 [AWT-EventQueue-0] INFO  Module.LoginMenu - Calling Main Menu Module...
2026-04-14 01:40:47 [AWT-EventQueue-0] INFO  Module.MainMenu - Checking User...
2026-04-14 01:40:47 [AWT-EventQueue-0] INFO  Module.MainMenu - Main Menu User: admin
2026-04-14 01:40:48 [AWT-EventQueue-0] INFO  Main.Main - Success Opening Main Menu.
2026-04-14 01:40:49 [AWT-EventQueue-0] INFO  Module.MainMenu - Clicked Sales Report...
2026-04-14 01:40:49 [AWT-EventQueue-0] INFO  Module.SalesReport - Initializing Full-Stack Sales Report Menu for user: admin
2026-04-14 01:40:49 [AWT-EventQueue-0] INFO  Module.SalesReport - Successfully loaded 0 transactions from database.
2026-04-14 01:40:49 [AWT-EventQueue-0] INFO  Main.Main - Success Opening Sales Menu.
2026-04-14 01:40:54 [AWT-EventQueue-0] INFO  Module.MainMenu - Checking User...
2026-04-14 01:40:54 [AWT-EventQueue-0] INFO  Module.MainMenu - Main Menu User: admin
2026-04-14 01:40:54 [AWT-EventQueue-0] INFO  Main.Main - Success Opening Main Menu.
2026-04-14 01:40:55 [AWT-EventQueue-0] INFO  Module.MainMenu - Clicked Inventory Menu...
2026-04-14 01:40:55 [AWT-EventQueue-0] INFO  Module.InventoryMenu - Checking User...
2026-04-14 01:40:55 [AWT-EventQueue-0] INFO  Module.InventoryMenu - Inventory data loaded successfully.
2026-04-14 01:40:55 [AWT-EventQueue-0] INFO  Main.Main - Success Opening Inventory Menu.
2026-04-14 01:41:05 [AWT-EventQueue-0] INFO  Module.InventoryMenu - Inventory data loaded successfully.
2026-04-14 01:41:09 [AWT-EventQueue-0] INFO  Module.InventoryMenu - Inventory data loaded successfully.
2026-04-14 01:41:17 [AWT-EventQueue-0] INFO  Module.InventoryMenu - Updated product: Redmi Note 10
2026-04-14 01:41:17 [AWT-EventQueue-0] INFO  Module.InventoryMenu - Inventory data loaded successfully.
2026-04-14 01:41:45 [AWT-EventQueue-0] INFO  Module.InventoryMenu - Inventory data loaded successfully.
2026-04-14 01:41:53 [AWT-EventQueue-0] INFO  Module.Dropdown - Returning to Main Menu...
2026-04-14 01:41:53 [AWT-EventQueue-0] INFO  Module.MainMenu - Checking User...
2026-04-14 01:41:53 [AWT-EventQueue-0] INFO  Module.MainMenu - Main Menu User: admin
2026-04-14 01:41:53 [AWT-EventQueue-0] INFO  Module.MainMenu - Clicked Sales Report...
2026-04-14 01:41:53 [AWT-EventQueue-0] INFO  Module.SalesReport - Initializing Full-Stack Sales Report Menu for user: admin
2026-04-14 01:41:53 [AWT-EventQueue-0] INFO  Module.SalesReport - Successfully loaded 0 transactions from database.
2026-04-14 01:41:54 [AWT-EventQueue-0] INFO  Main.Main - Success Opening Sales Menu.
2026-04-14 01:42:04 [AWT-EventQueue-0] INFO  Module.MainMenu - Checking User...
2026-04-14 01:42:04 [AWT-EventQueue-0] INFO  Module.MainMenu - Main Menu User: admin
2026-04-14 01:42:04 [AWT-EventQueue-0] INFO  Main.Main - Success Opening Main Menu.
2026-04-14 01:42:04 [AWT-EventQueue-0] INFO  Module.MainMenu - Clicked Inventory Menu...
2026-04-14 01:42:04 [AWT-EventQueue-0] INFO  Module.InventoryMenu - Checking User...
2026-04-14 01:42:04 [AWT-EventQueue-0] INFO  Module.InventoryMenu - Inventory data loaded successfully.
2026-04-14 01:42:05 [AWT-EventQueue-0] INFO  Main.Main - Success Opening Inventory Menu.
2026-04-14 01:42:07 [AWT-EventQueue-0] INFO  Module.Dropdown - Returning to Main Menu...
2026-04-14 01:42:07 [AWT-EventQueue-0] INFO  Module.MainMenu - Checking User...
2026-04-14 01:42:07 [AWT-EventQueue-0] INFO  Module.MainMenu - Main Menu User: admin
2026-04-14 01:42:08 [AWT-EventQueue-0] INFO  Module.MainMenu - Clicked Order Menu...
2026-04-14 01:42:08 [AWT-EventQueue-0] INFO  Module.OrderMenu - Initializing Final Order Menu for user: admin
2026-04-14 01:42:08 [AWT-EventQueue-0] INFO  Main.Main - Success Opening Order Menu.
2026-04-14 01:42:38 [AWT-EventQueue-0] INFO  Module.OrderMenu - Order processed successfully. Stock deducted and sale recorded.
2026-04-14 01:43:15 [AWT-EventQueue-0] INFO  Module.OrderMenu - Order processed successfully. Stock deducted and sale recorded.
2026-04-14 01:43:23 [AWT-EventQueue-0] INFO  Module.MainMenu - Checking User...
2026-04-14 01:43:23 [AWT-EventQueue-0] INFO  Module.MainMenu - Main Menu User: admin
2026-04-14 01:43:23 [AWT-EventQueue-0] INFO  Main.Main - Success Opening Main Menu.
2026-04-14 01:43:26 [AWT-EventQueue-0] INFO  Module.MainMenu - Clicked Order Menu...
2026-04-14 01:43:26 [AWT-EventQueue-0] INFO  Module.OrderMenu - Initializing Final Order Menu for user: admin
2026-04-14 01:43:26 [AWT-EventQueue-0] INFO  Main.Main - Success Opening Order Menu.
2026-04-14 01:44:01 [AWT-EventQueue-0] INFO  Module.Dropdown - Returning to Main Menu...
2026-04-14 01:44:01 [AWT-EventQueue-0] INFO  Module.MainMenu - Checking User...
2026-04-14 01:44:01 [AWT-EventQueue-0] INFO  Module.MainMenu - Main Menu User: admin
2026-04-14 01:44:02 [AWT-EventQueue-0] INFO  Module.MainMenu - Clicked Sales Report...
2026-04-14 01:44:02 [AWT-EventQueue-0] INFO  Module.SalesReport - Initializing Full-Stack Sales Report Menu for user: admin
2026-04-14 01:44:02 [AWT-EventQueue-0] INFO  Module.SalesReport - Successfully loaded 2 transactions from database.
2026-04-14 01:44:02 [AWT-EventQueue-0] INFO  Main.Main - Success Opening Sales Menu.
2026-04-14 01:44:39 [AWT-EventQueue-0] INFO  Module.SalesReport - User clicked Print Report button.
2026-04-14 01:44:40 [AWT-EventQueue-0] INFO  Module.MainMenu - Checking User...
2026-04-14 01:44:40 [AWT-EventQueue-0] INFO  Module.MainMenu - Main Menu User: admin
2026-04-14 01:44:40 [AWT-EventQueue-0] INFO  Main.Main - Success Opening Main Menu.
2026-04-14 01:44:44 [AWT-EventQueue-0] INFO  Module.MainMenu - Clicked Sales Report...
2026-04-14 01:44:44 [AWT-EventQueue-0] INFO  Module.SalesReport - Initializing Full-Stack Sales Report Menu for user: admin
2026-04-14 01:44:44 [AWT-EventQueue-0] INFO  Module.SalesReport - Successfully loaded 2 transactions from database.
2026-04-14 01:44:44 [AWT-EventQueue-0] INFO  Main.Main - Success Opening Sales Menu.
2026-04-14 01:44:45 [AWT-EventQueue-0] INFO  Module.SalesReport - User clicked Print Report button.
2026-04-14 01:44:48 [AWT-EventQueue-0] INFO  Module.MainMenu - Checking User...
2026-04-14 01:44:48 [AWT-EventQueue-0] INFO  Module.MainMenu - Main Menu User: admin
2026-04-14 01:44:49 [AWT-EventQueue-0] INFO  Main.Main - Success Opening Main Menu.
2026-04-14 01:44:49 [AWT-EventQueue-0] INFO  Module.MainMenu - Clicked Order Menu...
2026-04-14 01:44:49 [AWT-EventQueue-0] INFO  Module.OrderMenu - Initializing Final Order Menu for user: admin
2026-04-14 01:44:49 [AWT-EventQueue-0] INFO  Main.Main - Success Opening Order Menu.
2026-04-14 01:49:33 [AWT-EventQueue-0] INFO  Module.Dropdown - Returning to Main Menu...
2026-04-14 01:49:33 [AWT-EventQueue-0] INFO  Module.MainMenu - Checking User...
2026-04-14 01:49:33 [AWT-EventQueue-0] INFO  Module.MainMenu - Main Menu User: admin
2026-04-14 01:49:33 [AWT-EventQueue-0] INFO  Module.MainMenu - Clicked Sales Report...
2026-04-14 01:49:33 [AWT-EventQueue-0] INFO  Module.SalesReport - Initializing Full-Stack Sales Report Menu for user: admin
2026-04-14 01:49:33 [AWT-EventQueue-0] INFO  Module.SalesReport - Successfully loaded 2 transactions from database.
2026-04-14 01:49:33 [AWT-EventQueue-0] INFO  Main.Main - Success Opening Sales Menu.
2026-04-14 02:08:17 [AWT-EventQueue-0] INFO  Module.MainMenu - Checking User...
2026-04-14 02:08:17 [AWT-EventQueue-0] INFO  Module.MainMenu - Main Menu User: admin
2026-04-14 02:08:17 [AWT-EventQueue-0] INFO  Main.Main - Success Opening Main Menu.
2026-04-14 02:08:18 [AWT-EventQueue-0] INFO  Module.MainMenu - Clicked Inventory Menu...
2026-04-14 02:08:18 [AWT-EventQueue-0] INFO  Module.InventoryMenu - Checking User...
2026-04-14 02:08:18 [AWT-EventQueue-0] INFO  Module.InventoryMenu - Inventory data loaded successfully.
2026-04-14 02:08:18 [AWT-EventQueue-0] INFO  Main.Main - Success Opening Inventory Menu.
2026-04-14 02:08:22 [AWT-EventQueue-0] INFO  Module.Dropdown - Returning to Main Menu...
2026-04-14 02:08:22 [AWT-EventQueue-0] INFO  Module.MainMenu - Checking User...
2026-04-14 02:08:22 [AWT-EventQueue-0] INFO  Module.MainMenu - Main Menu User: admin
2026-04-14 02:08:41 [AWT-EventQueue-0] INFO  Module.MainMenu - Clicked Inventory Menu...
2026-04-14 02:08:41 [AWT-EventQueue-0] INFO  Module.InventoryMenu - Checking User...
2026-04-14 02:08:41 [AWT-EventQueue-0] INFO  Module.InventoryMenu - Inventory data loaded successfully.
2026-04-14 02:08:41 [AWT-EventQueue-0] INFO  Main.Main - Success Opening Inventory Menu.
2026-04-14 02:09:00 [main] INFO  Main.Main - ---------------------------------------------
2026-04-14 02:09:00 [main] INFO  Main.Main - |   Inventory System Started Successfully   |
2026-04-14 02:09:00 [main] INFO  Main.Main - ---------------------------------------------
2026-04-14 02:09:01 [main] INFO  Main.Main - Attempting to connect to the database...
2026-04-14 02:09:02 [main] INFO  Main.Main - Initializing...
2026-04-14 02:09:02 [main] INFO  Database.InitializeDatabase - Successfully connected to external database at: jdbc:sqlite:C:\Users\User\eclipse-workspace\AutomatedInventoryManagementSystem/database.db
2026-04-14 02:09:02 [main] INFO  Database.InitializeDatabase - Products table created successfully.
2026-04-14 02:09:02 [main] INFO  Database.InitializeDatabase - Transaction table created successfully.
2026-04-14 02:09:02 [main] INFO  Database.InitializeDatabase - Database connected.
2026-04-14 02:09:03 [main] INFO  Main.Main - Calling Login Module...
2026-04-14 02:09:05 [AWT-EventQueue-0] INFO  Main.Main - Initializing...
2026-04-14 02:09:05 [AWT-EventQueue-0] INFO  Main.Main - Opening Login Module...
2026-04-14 02:09:12 [AWT-EventQueue-0] INFO  Module.LoginMenu - Logging in...
2026-04-14 02:09:13 [AWT-EventQueue-0] INFO  Module.LoginMenu - Opened Login Module.
2026-04-14 02:09:13 [AWT-EventQueue-0] INFO  Module.LoginMenu - Login Successful.
2026-04-14 02:09:14 [AWT-EventQueue-0] INFO  Module.LoginMenu - Calling Main Menu Module...
2026-04-14 02:09:14 [AWT-EventQueue-0] INFO  Module.MainMenu - Checking User...
2026-04-14 02:09:14 [AWT-EventQueue-0] INFO  Module.MainMenu - Main Menu User: admin
2026-04-14 02:09:14 [AWT-EventQueue-0] INFO  Main.Main - Success Opening Main Menu.
2026-04-14 02:09:16 [AWT-EventQueue-0] INFO  Module.MainMenu - Clicked Sales Report...
2026-04-14 02:09:16 [AWT-EventQueue-0] INFO  Module.SalesReport - Initializing Full-Stack Sales Report Menu for user: admin
2026-04-14 02:09:16 [AWT-EventQueue-0] INFO  Module.SalesReport - Successfully loaded 2 transactions from database.
2026-04-14 02:09:16 [AWT-EventQueue-0] INFO  Main.Main - Success Opening Sales Menu.
2026-04-14 02:09:17 [AWT-EventQueue-0] INFO  Module.SalesReport - User clicked Print Report button.
2026-04-14 02:09:25 [AWT-EventQueue-0] INFO  Module.MainMenu - Checking User...
2026-04-14 02:09:25 [AWT-EventQueue-0] INFO  Module.MainMenu - Main Menu User: admin
2026-04-14 02:09:25 [AWT-EventQueue-0] INFO  Main.Main - Success Opening Main Menu.
2026-04-14 02:09:26 [AWT-EventQueue-0] INFO  Module.MainMenu - Clicked Inventory Menu...
2026-04-14 02:09:26 [AWT-EventQueue-0] INFO  Module.InventoryMenu - Checking User...
2026-04-14 02:09:26 [AWT-EventQueue-0] INFO  Module.InventoryMenu - Inventory data loaded successfully.
2026-04-14 02:09:26 [AWT-EventQueue-0] INFO  Main.Main - Success Opening Inventory Menu.
2026-04-14 02:09:38 [AWT-EventQueue-0] INFO  Module.Dropdown - Returning to Main Menu...
2026-04-14 02:09:38 [AWT-EventQueue-0] INFO  Module.MainMenu - Checking User...
2026-04-14 02:09:38 [AWT-EventQueue-0] INFO  Module.MainMenu - Main Menu User: admin
2026-04-14 02:09:39 [AWT-EventQueue-0] INFO  Module.MainMenu - Clicked Order Menu...
2026-04-14 02:09:39 [AWT-EventQueue-0] INFO  Module.OrderMenu - Initializing Final Order Menu for user: admin
2026-04-14 02:09:39 [AWT-EventQueue-0] INFO  Main.Main - Success Opening Order Menu.
2026-04-14 02:09:41 [AWT-EventQueue-0] INFO  Module.MainMenu - Checking User...
2026-04-14 02:09:41 [AWT-EventQueue-0] INFO  Module.MainMenu - Main Menu User: admin
2026-04-14 02:09:41 [AWT-EventQueue-0] INFO  Main.Main - Success Opening Main Menu.
2026-04-14 02:09:42 [AWT-EventQueue-0] INFO  Module.MainMenu - Clicked Order Menu...
2026-04-14 02:09:43 [AWT-EventQueue-0] INFO  Module.OrderMenu - Initializing Final Order Menu for user: admin
2026-04-14 02:09:43 [AWT-EventQueue-0] INFO  Main.Main - Success Opening Order Menu.
2026-04-14 02:11:57 [main] INFO  Main.Main - ---------------------------------------------
2026-04-14 02:11:57 [main] INFO  Main.Main - |   Inventory System Started Successfully   |
2026-04-14 02:11:57 [main] INFO  Main.Main - ---------------------------------------------
2026-04-14 02:11:58 [main] INFO  Main.Main - Attempting to connect to the database...
2026-04-14 02:11:59 [main] INFO  Main.Main - Initializing...
2026-04-14 02:11:59 [main] INFO  Database.InitializeDatabase - Successfully connected to external database at: jdbc:sqlite:C:\Users\User\eclipse-workspace\AutomatedInventoryManagementSystem/database.db
2026-04-14 02:11:59 [main] INFO  Database.InitializeDatabase - Products table created successfully.
2026-04-14 02:11:59 [main] INFO  Database.InitializeDatabase - Transaction table created successfully.
2026-04-14 02:11:59 [main] INFO  Database.InitializeDatabase - Database connected.
2026-04-14 02:12:00 [main] INFO  Main.Main - Calling Login Module...
2026-04-14 02:12:02 [AWT-EventQueue-0] INFO  Main.Main - Initializing...
2026-04-14 02:12:02 [AWT-EventQueue-0] INFO  Main.Main - Opening Login Module...
2026-04-14 02:12:05 [AWT-EventQueue-0] INFO  Module.LoginMenu - Logging in...
2026-04-14 02:12:07 [AWT-EventQueue-0] INFO  Module.LoginMenu - Opened Login Module.
2026-04-14 02:12:07 [AWT-EventQueue-0] ERROR Module.LoginMenu - Login Error.
2026-04-14 02:12:10 [AWT-EventQueue-0] INFO  Module.LoginMenu - Logging in...
2026-04-14 02:12:11 [AWT-EventQueue-0] INFO  Module.LoginMenu - Opened Login Module.
2026-04-14 02:12:11 [AWT-EventQueue-0] INFO  Module.LoginMenu - Login Successful.
2026-04-14 02:12:12 [AWT-EventQueue-0] INFO  Module.LoginMenu - Calling Main Menu Module...
2026-04-14 02:12:12 [AWT-EventQueue-0] INFO  Module.MainMenu - Checking User...
2026-04-14 02:12:12 [AWT-EventQueue-0] INFO  Module.MainMenu - Main Menu User: admin
2026-04-14 02:12:12 [AWT-EventQueue-0] INFO  Main.Main - Success Opening Main Menu.
2026-04-14 02:12:13 [AWT-EventQueue-0] INFO  Module.MainMenu - Clicked Sales Report...
2026-04-14 02:12:13 [AWT-EventQueue-0] INFO  Module.SalesReport - Initializing Full-Stack Sales Report Menu for user: admin
2026-04-14 02:12:13 [AWT-EventQueue-0] INFO  Module.SalesReport - Successfully loaded 2 transactions from database.
2026-04-14 02:12:13 [AWT-EventQueue-0] INFO  Main.Main - Success Opening Sales Menu.
2026-04-14 02:12:14 [AWT-EventQueue-0] INFO  Module.SalesReport - User clicked Print Report button.
2026-04-14 02:15:51 [main] INFO  Main.Main - ---------------------------------------------
2026-04-14 02:15:51 [main] INFO  Main.Main - |   Inventory System Started Successfully   |
2026-04-14 02:15:51 [main] INFO  Main.Main - ---------------------------------------------
2026-04-14 02:15:53 [main] INFO  Main.Main - Attempting to connect to the database...
2026-04-14 02:15:53 [main] INFO  Main.Main - Initializing...
2026-04-14 02:15:53 [main] INFO  Database.InitializeDatabase - Successfully connected to external database at: jdbc:sqlite:C:\Users\User\eclipse-workspace\AutomatedInventoryManagementSystem/database.db
2026-04-14 02:15:53 [main] INFO  Database.InitializeDatabase - Products table created successfully.
2026-04-14 02:15:53 [main] INFO  Database.InitializeDatabase - Transaction table created successfully.
2026-04-14 02:15:53 [main] INFO  Database.InitializeDatabase - Database connected.
2026-04-14 02:15:55 [main] INFO  Main.Main - Calling Login Module...
2026-04-14 02:15:56 [AWT-EventQueue-0] INFO  Main.Main - Initializing...
2026-04-14 02:15:56 [AWT-EventQueue-0] INFO  Main.Main - Opening Login Module...
2026-04-14 02:16:03 [AWT-EventQueue-0] INFO  Module.LoginMenu - Logging in...
2026-04-14 02:16:04 [AWT-EventQueue-0] INFO  Module.LoginMenu - Opened Login Module.
2026-04-14 02:16:04 [AWT-EventQueue-0] INFO  Module.LoginMenu - Login Successful.
2026-04-14 02:16:05 [AWT-EventQueue-0] INFO  Module.LoginMenu - Calling Main Menu Module...
2026-04-14 02:16:05 [AWT-EventQueue-0] INFO  Module.MainMenu - Checking User...
2026-04-14 02:16:05 [AWT-EventQueue-0] INFO  Module.MainMenu - Main Menu User: admin
2026-04-14 02:16:05 [AWT-EventQueue-0] INFO  Main.Main - Success Opening Main Menu.
2026-04-14 02:16:06 [AWT-EventQueue-0] INFO  Module.MainMenu - Clicked Sales Report...
2026-04-14 02:16:06 [AWT-EventQueue-0] INFO  Module.SalesReport - Initializing Full-Stack Sales Report Menu for user: admin
2026-04-14 02:16:06 [AWT-EventQueue-0] INFO  Module.SalesReport - Successfully loaded 2 transactions from database.
2026-04-14 02:16:06 [AWT-EventQueue-0] INFO  Main.Main - Success Opening Sales Menu.
2026-04-14 02:16:17 [AWT-EventQueue-0] INFO  Module.SalesReport - User clicked Print Report button.
2026-04-14 02:23:14 [main] INFO  Main.Main - ---------------------------------------------
2026-04-14 02:23:14 [main] INFO  Main.Main - |   Inventory System Started Successfully   |
2026-04-14 02:23:14 [main] INFO  Main.Main - ---------------------------------------------
2026-04-14 02:23:16 [main] INFO  Main.Main - Attempting to connect to the database...
2026-04-14 02:23:16 [main] INFO  Main.Main - Initializing...
2026-04-14 02:23:16 [main] INFO  Database.InitializeDatabase - Successfully connected to external database at: jdbc:sqlite:C:\Users\User\eclipse-workspace\AutomatedInventoryManagementSystem/database.db
2026-04-14 02:23:16 [main] INFO  Database.InitializeDatabase - Products table created successfully.
2026-04-14 02:23:16 [main] INFO  Database.InitializeDatabase - Transaction table created successfully.
2026-04-14 02:23:16 [main] INFO  Database.InitializeDatabase - Database connected.
2026-04-14 02:23:18 [main] INFO  Main.Main - Calling Login Module...
2026-04-14 02:23:19 [AWT-EventQueue-0] INFO  Main.Main - Initializing...
2026-04-14 02:23:19 [AWT-EventQueue-0] INFO  Main.Main - Opening Login Module...
2026-04-14 02:23:23 [AWT-EventQueue-0] INFO  Module.LoginMenu - Logging in...
2026-04-14 02:23:24 [AWT-EventQueue-0] INFO  Module.LoginMenu - Opened Login Module.
2026-04-14 02:23:24 [AWT-EventQueue-0] INFO  Module.LoginMenu - Login Successful.
2026-04-14 02:23:25 [AWT-EventQueue-0] INFO  Module.LoginMenu - Calling Main Menu Module...
2026-04-14 02:23:25 [AWT-EventQueue-0] INFO  Module.MainMenu - Checking User...
2026-04-14 02:23:25 [AWT-EventQueue-0] INFO  Module.MainMenu - Main Menu User: admin
2026-04-14 02:23:25 [AWT-EventQueue-0] INFO  Main.Main - Success Opening Main Menu.
2026-04-14 02:23:26 [AWT-EventQueue-0] INFO  Module.MainMenu - Clicked Sales Report...
2026-04-14 02:23:26 [AWT-EventQueue-0] INFO  Module.SalesReport - Initializing Full-Stack Sales Report Menu for user: admin
2026-04-14 02:23:26 [AWT-EventQueue-0] INFO  Module.SalesReport - Successfully loaded 2 transactions from database.
2026-04-14 02:23:26 [AWT-EventQueue-0] INFO  Main.Main - Success Opening Sales Menu.
2026-04-14 02:24:48 [AWT-EventQueue-0] INFO  Module.MainMenu - Checking User...
2026-04-14 02:24:48 [AWT-EventQueue-0] INFO  Module.MainMenu - Main Menu User: admin
2026-04-14 02:24:48 [AWT-EventQueue-0] INFO  Main.Main - Success Opening Main Menu.
2026-04-14 02:25:06 [AWT-EventQueue-0] INFO  Module.MainMenu - Clicked Sales Report...
2026-04-14 02:25:06 [AWT-EventQueue-0] INFO  Module.SalesReport - Initializing Full-Stack Sales Report Menu for user: admin
2026-04-14 02:25:06 [AWT-EventQueue-0] INFO  Module.SalesReport - Successfully loaded 2 transactions from database.
2026-04-14 02:25:06 [AWT-EventQueue-0] INFO  Main.Main - Success Opening Sales Menu.
2026-04-14 02:25:08 [AWT-EventQueue-0] INFO  Module.MainMenu - Checking User...
2026-04-14 02:25:08 [AWT-EventQueue-0] INFO  Module.MainMenu - Main Menu User: admin
2026-04-14 02:25:08 [AWT-EventQueue-0] INFO  Main.Main - Success Opening Main Menu.
2026-04-14 02:33:28 [AWT-EventQueue-0] INFO  Module.MainMenu - Clicked Sales Report...
2026-04-14 02:33:28 [AWT-EventQueue-0] INFO  Module.SalesReport - Initializing Full-Stack Sales Report Menu for user: admin
2026-04-14 02:33:28 [AWT-EventQueue-0] INFO  Module.SalesReport - Successfully loaded 2 transactions from database.
2026-04-14 02:33:28 [AWT-EventQueue-0] INFO  Main.Main - Success Opening Sales Menu.
2026-04-14 02:34:53 [AWT-EventQueue-0] INFO  Module.MainMenu - Checking User...
2026-04-14 02:34:53 [AWT-EventQueue-0] INFO  Module.MainMenu - Main Menu User: admin
2026-04-14 02:34:53 [AWT-EventQueue-0] INFO  Main.Main - Success Opening Main Menu.
2026-04-14 02:35:10 [main] INFO  Main.Main - ---------------------------------------------
2026-04-14 02:35:10 [main] INFO  Main.Main - |   Inventory System Started Successfully   |
2026-04-14 02:35:10 [main] INFO  Main.Main - ---------------------------------------------
2026-04-14 02:35:12 [main] INFO  Main.Main - Attempting to connect to the database...
2026-04-14 02:35:12 [main] INFO  Main.Main - Initializing...
2026-04-14 02:35:12 [main] INFO  Database.InitializeDatabase - Successfully connected to external database at: jdbc:sqlite:C:\Users\User\eclipse-workspace\AutomatedInventoryManagementSystem/database.db
2026-04-14 02:35:12 [main] INFO  Database.InitializeDatabase - Products table created successfully.
2026-04-14 02:35:12 [main] INFO  Database.InitializeDatabase - Transaction table created successfully.
2026-04-14 02:35:12 [main] INFO  Database.InitializeDatabase - Database connected.
2026-04-14 02:35:14 [main] INFO  Main.Main - Calling Login Module...
2026-04-14 02:35:15 [AWT-EventQueue-0] INFO  Main.Main - Initializing...
2026-04-14 02:35:15 [AWT-EventQueue-0] INFO  Main.Main - Opening Login Module...
2026-04-14 02:35:20 [AWT-EventQueue-0] INFO  Module.LoginMenu - Logging in...
2026-04-14 02:35:22 [AWT-EventQueue-0] INFO  Module.LoginMenu - Opened Login Module.
2026-04-14 02:35:22 [AWT-EventQueue-0] INFO  Module.LoginMenu - Login Successful.
2026-04-14 02:35:22 [AWT-EventQueue-0] INFO  Module.LoginMenu - Calling Main Menu Module...
2026-04-14 02:35:22 [AWT-EventQueue-0] INFO  Module.MainMenu - Checking User...
2026-04-14 02:35:22 [AWT-EventQueue-0] INFO  Module.MainMenu - Main Menu User: admin
2026-04-14 02:35:22 [AWT-EventQueue-0] INFO  Main.Main - Success Opening Main Menu.
2026-04-14 02:35:23 [AWT-EventQueue-0] INFO  Module.MainMenu - Clicked Sales Report...
2026-04-14 02:35:23 [AWT-EventQueue-0] INFO  Module.SalesReport - Initializing Full-Stack Sales Report Menu for user: admin
2026-04-14 02:35:23 [AWT-EventQueue-0] INFO  Module.SalesReport - Successfully loaded 2 transactions from database.
2026-04-14 02:35:23 [AWT-EventQueue-0] INFO  Main.Main - Success Opening Sales Menu.
2026-04-14 02:35:30 [AWT-EventQueue-0] INFO  Module.MainMenu - Checking User...
2026-04-14 02:35:30 [AWT-EventQueue-0] INFO  Module.MainMenu - Main Menu User: admin
2026-04-14 02:35:30 [AWT-EventQueue-0] INFO  Main.Main - Success Opening Main Menu.
2026-04-14 02:35:31 [AWT-EventQueue-0] INFO  Module.MainMenu - Clicked Order Menu...
2026-04-14 02:35:31 [AWT-EventQueue-0] INFO  Module.OrderMenu - Initializing Final Order Menu for user: admin
2026-04-14 02:35:31 [AWT-EventQueue-0] INFO  Main.Main - Success Opening Order Menu.
2026-04-14 02:35:42 [AWT-EventQueue-0] INFO  Module.OrderMenu - Order processed successfully. Stock deducted and sale recorded.
2026-04-14 02:35:47 [AWT-EventQueue-0] INFO  Module.MainMenu - Checking User...
2026-04-14 02:35:47 [AWT-EventQueue-0] INFO  Module.MainMenu - Main Menu User: admin
2026-04-14 02:35:47 [AWT-EventQueue-0] INFO  Main.Main - Success Opening Main Menu.
2026-04-14 02:37:13 [AWT-EventQueue-0] INFO  Module.MainMenu - Clicked Order Menu...
2026-04-14 02:37:13 [AWT-EventQueue-0] INFO  Module.OrderMenu - Initializing Final Order Menu for user: admin
2026-04-14 02:37:13 [AWT-EventQueue-0] INFO  Main.Main - Success Opening Order Menu.
2026-04-14 02:37:14 [AWT-EventQueue-0] INFO  Module.MainMenu - Checking User...
2026-04-14 02:37:14 [AWT-EventQueue-0] INFO  Module.MainMenu - Main Menu User: admin
2026-04-14 02:37:15 [AWT-EventQueue-0] INFO  Main.Main - Success Opening Main Menu.
2026-04-14 02:37:15 [AWT-EventQueue-0] INFO  Module.MainMenu - Clicked Sales Report...
2026-04-14 02:37:15 [AWT-EventQueue-0] INFO  Module.SalesReport - Initializing Full-Stack Sales Report Menu for user: admin
2026-04-14 02:37:15 [AWT-EventQueue-0] INFO  Module.SalesReport - Successfully loaded 3 transactions from database.
2026-04-14 02:37:15 [AWT-EventQueue-0] INFO  Main.Main - Success Opening Sales Menu.
2026-04-14 02:37:16 [AWT-EventQueue-0] INFO  Module.MainMenu - Checking User...
2026-04-14 02:37:16 [AWT-EventQueue-0] INFO  Module.MainMenu - Main Menu User: admin
2026-04-14 02:37:16 [AWT-EventQueue-0] INFO  Main.Main - Success Opening Main Menu.
2026-04-14 02:37:17 [AWT-EventQueue-0] INFO  Module.MainMenu - Clicked Inventory Menu...
2026-04-14 02:37:17 [AWT-EventQueue-0] INFO  Module.InventoryMenu - Checking User...
2026-04-14 02:37:17 [AWT-EventQueue-0] INFO  Module.InventoryMenu - Inventory data loaded successfully.
2026-04-14 02:37:17 [AWT-EventQueue-0] INFO  Main.Main - Success Opening Inventory Menu.
2026-04-14 02:37:19 [AWT-EventQueue-0] INFO  Module.Dropdown - Returning to Main Menu...
2026-04-14 02:37:19 [AWT-EventQueue-0] INFO  Module.MainMenu - Checking User...
2026-04-14 02:37:19 [AWT-EventQueue-0] INFO  Module.MainMenu - Main Menu User: admin
2026-04-14 02:37:27 [AWT-EventQueue-0] INFO  Module.MainMenu - Clicked Inventory Menu...
2026-04-14 02:37:27 [AWT-EventQueue-0] INFO  Module.InventoryMenu - Checking User...
2026-04-14 02:37:27 [AWT-EventQueue-0] INFO  Module.InventoryMenu - Inventory data loaded successfully.
2026-04-14 02:37:27 [AWT-EventQueue-0] INFO  Main.Main - Success Opening Inventory Menu.
2026-04-14 02:38:38 [AWT-EventQueue-0] ERROR Module.InventoryMenu - Please Input a number, Error updating quantity in database.
java.lang.NumberFormatException: For input string: "a"
	at java.lang.NumberFormatException.forInputString(Unknown Source)
	at java.lang.Integer.parseInt(Unknown Source)
	at java.lang.Integer.parseInt(Unknown Source)
	at Module.InventoryMenu.lambda$5(InventoryMenu.java:483)
	at javax.swing.AbstractButton.fireActionPerformed(Unknown Source)
	at javax.swing.AbstractButton$Handler.actionPerformed(Unknown Source)
	at javax.swing.DefaultButtonModel.fireActionPerformed(Unknown Source)
	at javax.swing.DefaultButtonModel.setPressed(Unknown Source)
	at javax.swing.plaf.basic.BasicButtonListener.mouseReleased(Unknown Source)
	at java.awt.Component.processMouseEvent(Unknown Source)
	at javax.swing.JComponent.processMouseEvent(Unknown Source)
	at java.awt.Component.processEvent(Unknown Source)
	at java.awt.Container.processEvent(Unknown Source)
	at java.awt.Component.dispatchEventImpl(Unknown Source)
	at java.awt.Container.dispatchEventImpl(Unknown Source)
	at java.awt.Component.dispatchEvent(Unknown Source)
	at java.awt.LightweightDispatcher.retargetMouseEvent(Unknown Source)
	at java.awt.LightweightDispatcher.processMouseEvent(Unknown Source)
	at java.awt.LightweightDispatcher.dispatchEvent(Unknown Source)
	at java.awt.Container.dispatchEventImpl(Unknown Source)
	at java.awt.Window.dispatchEventImpl(Unknown Source)
	at java.awt.Component.dispatchEvent(Unknown Source)
	at java.awt.EventQueue.dispatchEventImpl(Unknown Source)
	at java.awt.EventQueue.access$500(Unknown Source)
	at java.awt.EventQueue$3.run(Unknown Source)
	at java.awt.EventQueue$3.run(Unknown Source)
	at java.security.AccessController.doPrivileged(Native Method)
	at java.security.ProtectionDomain$JavaSecurityAccessImpl.doIntersectionPrivilege(Unknown Source)
	at java.security.ProtectionDomain$JavaSecurityAccessImpl.doIntersectionPrivilege(Unknown Source)
	at java.awt.EventQueue$4.run(Unknown Source)
	at java.awt.EventQueue$4.run(Unknown Source)
	at java.security.AccessController.doPrivileged(Native Method)
	at java.security.ProtectionDomain$JavaSecurityAccessImpl.doIntersectionPrivilege(Unknown Source)
	at java.awt.EventQueue.dispatchEvent(Unknown Source)
	at java.awt.EventDispatchThread.pumpOneEventForFilters(Unknown Source)
	at java.awt.EventDispatchThread.pumpEventsForFilter(Unknown Source)
	at java.awt.EventDispatchThread.pumpEventsForFilter(Unknown Source)
	at java.awt.WaitDispatchSupport$2.run(Unknown Source)
	at java.awt.WaitDispatchSupport$4.run(Unknown Source)
	at java.awt.WaitDispatchSupport$4.run(Unknown Source)
	at java.security.AccessController.doPrivileged(Native Method)
	at java.awt.WaitDispatchSupport.enter(Unknown Source)
	at java.awt.Dialog.show(Unknown Source)
	at java.awt.Component.show(Unknown Source)
	at java.awt.Component.setVisible(Unknown Source)
	at java.awt.Window.setVisible(Unknown Source)
	at java.awt.Dialog.setVisible(Unknown Source)
	at Module.InventoryMenu.restockProduct(InventoryMenu.java:510)
	at Module.InventoryMenu.lambda$1(InventoryMenu.java:165)
	at javax.swing.AbstractButton.fireActionPerformed(Unknown Source)
	at javax.swing.AbstractButton$Handler.actionPerformed(Unknown Source)
	at javax.swing.DefaultButtonModel.fireActionPerformed(Unknown Source)
	at javax.swing.DefaultButtonModel.setPressed(Unknown Source)
	at javax.swing.plaf.basic.BasicButtonListener.mouseReleased(Unknown Source)
	at java.awt.Component.processMouseEvent(Unknown Source)
	at javax.swing.JComponent.processMouseEvent(Unknown Source)
	at java.awt.Component.processEvent(Unknown Source)
	at java.awt.Container.processEvent(Unknown Source)
	at java.awt.Component.dispatchEventImpl(Unknown Source)
	at java.awt.Container.dispatchEventImpl(Unknown Source)
	at java.awt.Component.dispatchEvent(Unknown Source)
	at java.awt.LightweightDispatcher.retargetMouseEvent(Unknown Source)
	at java.awt.LightweightDispatcher.processMouseEvent(Unknown Source)
	at java.awt.LightweightDispatcher.dispatchEvent(Unknown Source)
	at java.awt.Container.dispatchEventImpl(Unknown Source)
	at java.awt.Window.dispatchEventImpl(Unknown Source)
	at java.awt.Component.dispatchEvent(Unknown Source)
	at java.awt.EventQueue.dispatchEventImpl(Unknown Source)
	at java.awt.EventQueue.access$500(Unknown Source)
	at java.awt.EventQueue$3.run(Unknown Source)
	at java.awt.EventQueue$3.run(Unknown Source)
	at java.security.AccessController.doPrivileged(Native Method)
	at java.security.ProtectionDomain$JavaSecurityAccessImpl.doIntersectionPrivilege(Unknown Source)
	at java.security.ProtectionDomain$JavaSecurityAccessImpl.doIntersectionPrivilege(Unknown Source)
	at java.awt.EventQueue$4.run(Unknown Source)
	at java.awt.EventQueue$4.run(Unknown Source)
	at java.security.AccessController.doPrivileged(Native Method)
	at java.security.ProtectionDomain$JavaSecurityAccessImpl.doIntersectionPrivilege(Unknown Source)
	at java.awt.EventQueue.dispatchEvent(Unknown Source)
	at java.awt.EventDispatchThread.pumpOneEventForFilters(Unknown Source)
	at java.awt.EventDispatchThread.pumpEventsForFilter(Unknown Source)
	at java.awt.EventDispatchThread.pumpEventsForHierarchy(Unknown Source)
	at java.awt.EventDispatchThread.pumpEvents(Unknown Source)
	at java.awt.EventDispatchThread.pumpEvents(Unknown Source)
	at java.awt.EventDispatchThread.run(Unknown Source)
2026-04-14 02:38:39 [AWT-EventQueue-0] ERROR Module.InventoryMenu - Please Input a number, Error updating quantity in database.
java.lang.NumberFormatException: For input string: "a"
	at java.lang.NumberFormatException.forInputString(Unknown Source)
	at java.lang.Integer.parseInt(Unknown Source)
	at java.lang.Integer.parseInt(Unknown Source)
	at Module.InventoryMenu.lambda$5(InventoryMenu.java:483)
	at javax.swing.AbstractButton.fireActionPerformed(Unknown Source)
	at javax.swing.AbstractButton$Handler.actionPerformed(Unknown Source)
	at javax.swing.DefaultButtonModel.fireActionPerformed(Unknown Source)
	at javax.swing.DefaultButtonModel.setPressed(Unknown Source)
	at javax.swing.plaf.basic.BasicButtonListener.mouseReleased(Unknown Source)
	at java.awt.Component.processMouseEvent(Unknown Source)
	at javax.swing.JComponent.processMouseEvent(Unknown Source)
	at java.awt.Component.processEvent(Unknown Source)
	at java.awt.Container.processEvent(Unknown Source)
	at java.awt.Component.dispatchEventImpl(Unknown Source)
	at java.awt.Container.dispatchEventImpl(Unknown Source)
	at java.awt.Component.dispatchEvent(Unknown Source)
	at java.awt.LightweightDispatcher.retargetMouseEvent(Unknown Source)
	at java.awt.LightweightDispatcher.processMouseEvent(Unknown Source)
	at java.awt.LightweightDispatcher.dispatchEvent(Unknown Source)
	at java.awt.Container.dispatchEventImpl(Unknown Source)
	at java.awt.Window.dispatchEventImpl(Unknown Source)
	at java.awt.Component.dispatchEvent(Unknown Source)
	at java.awt.EventQueue.dispatchEventImpl(Unknown Source)
	at java.awt.EventQueue.access$500(Unknown Source)
	at java.awt.EventQueue$3.run(Unknown Source)
	at java.awt.EventQueue$3.run(Unknown Source)
	at java.security.AccessController.doPrivileged(Native Method)
	at java.security.ProtectionDomain$JavaSecurityAccessImpl.doIntersectionPrivilege(Unknown Source)
	at java.security.ProtectionDomain$JavaSecurityAccessImpl.doIntersectionPrivilege(Unknown Source)
	at java.awt.EventQueue$4.run(Unknown Source)
	at java.awt.EventQueue$4.run(Unknown Source)
	at java.security.AccessController.doPrivileged(Native Method)
	at java.security.ProtectionDomain$JavaSecurityAccessImpl.doIntersectionPrivilege(Unknown Source)
	at java.awt.EventQueue.dispatchEvent(Unknown Source)
	at java.awt.EventDispatchThread.pumpOneEventForFilters(Unknown Source)
	at java.awt.EventDispatchThread.pumpEventsForFilter(Unknown Source)
	at java.awt.EventDispatchThread.pumpEventsForFilter(Unknown Source)
	at java.awt.WaitDispatchSupport$2.run(Unknown Source)
	at java.awt.WaitDispatchSupport$4.run(Unknown Source)
	at java.awt.WaitDispatchSupport$4.run(Unknown Source)
	at java.security.AccessController.doPrivileged(Native Method)
	at java.awt.WaitDispatchSupport.enter(Unknown Source)
	at java.awt.Dialog.show(Unknown Source)
	at java.awt.Component.show(Unknown Source)
	at java.awt.Component.setVisible(Unknown Source)
	at java.awt.Window.setVisible(Unknown Source)
	at java.awt.Dialog.setVisible(Unknown Source)
	at Module.InventoryMenu.restockProduct(InventoryMenu.java:510)
	at Module.InventoryMenu.lambda$1(InventoryMenu.java:165)
	at javax.swing.AbstractButton.fireActionPerformed(Unknown Source)
	at javax.swing.AbstractButton$Handler.actionPerformed(Unknown Source)
	at javax.swing.DefaultButtonModel.fireActionPerformed(Unknown Source)
	at javax.swing.DefaultButtonModel.setPressed(Unknown Source)
	at javax.swing.plaf.basic.BasicButtonListener.mouseReleased(Unknown Source)
	at java.awt.Component.processMouseEvent(Unknown Source)
	at javax.swing.JComponent.processMouseEvent(Unknown Source)
	at java.awt.Component.processEvent(Unknown Source)
	at java.awt.Container.processEvent(Unknown Source)
	at java.awt.Component.dispatchEventImpl(Unknown Source)
	at java.awt.Container.dispatchEventImpl(Unknown Source)
	at java.awt.Component.dispatchEvent(Unknown Source)
	at java.awt.LightweightDispatcher.retargetMouseEvent(Unknown Source)
	at java.awt.LightweightDispatcher.processMouseEvent(Unknown Source)
	at java.awt.LightweightDispatcher.dispatchEvent(Unknown Source)
	at java.awt.Container.dispatchEventImpl(Unknown Source)
	at java.awt.Window.dispatchEventImpl(Unknown Source)
	at java.awt.Component.dispatchEvent(Unknown Source)
	at java.awt.EventQueue.dispatchEventImpl(Unknown Source)
	at java.awt.EventQueue.access$500(Unknown Source)
	at java.awt.EventQueue$3.run(Unknown Source)
	at java.awt.EventQueue$3.run(Unknown Source)
	at java.security.AccessController.doPrivileged(Native Method)
	at java.security.ProtectionDomain$JavaSecurityAccessImpl.doIntersectionPrivilege(Unknown Source)
	at java.security.ProtectionDomain$JavaSecurityAccessImpl.doIntersectionPrivilege(Unknown Source)
	at java.awt.EventQueue$4.run(Unknown Source)
	at java.awt.EventQueue$4.run(Unknown Source)
	at java.security.AccessController.doPrivileged(Native Method)
	at java.security.ProtectionDomain$JavaSecurityAccessImpl.doIntersectionPrivilege(Unknown Source)
	at java.awt.EventQueue.dispatchEvent(Unknown Source)
	at java.awt.EventDispatchThread.pumpOneEventForFilters(Unknown Source)
	at java.awt.EventDispatchThread.pumpEventsForFilter(Unknown Source)
	at java.awt.EventDispatchThread.pumpEventsForHierarchy(Unknown Source)
	at java.awt.EventDispatchThread.pumpEvents(Unknown Source)
	at java.awt.EventDispatchThread.pumpEvents(Unknown Source)
	at java.awt.EventDispatchThread.run(Unknown Source)
2026-04-14 02:38:42 [AWT-EventQueue-0] INFO  Module.InventoryMenu - Inventory data loaded successfully.
2026-04-14 02:41:45 [main] INFO  Main.Main - ---------------------------------------------
2026-04-14 02:41:45 [main] INFO  Main.Main - |   Inventory System Started Successfully   |
2026-04-14 02:41:45 [main] INFO  Main.Main - ---------------------------------------------
2026-04-14 02:41:46 [main] INFO  Main.Main - Attempting to connect to the database...
2026-04-14 02:41:47 [main] INFO  Main.Main - Initializing...
2026-04-14 02:41:47 [main] INFO  Database.InitializeDatabase - Successfully connected to external database at: jdbc:sqlite:C:\Users\User\eclipse-workspace\AutomatedInventoryManagementSystem/database.db
2026-04-14 02:41:47 [main] INFO  Database.InitializeDatabase - Products table created successfully.
2026-04-14 02:41:47 [main] INFO  Database.InitializeDatabase - Transaction table created successfully.
2026-04-14 02:41:47 [main] INFO  Database.InitializeDatabase - Database connected.
2026-04-14 02:41:48 [main] INFO  Main.Main - Calling Login Module...
2026-04-14 02:41:50 [AWT-EventQueue-0] INFO  Main.Main - Initializing...
2026-04-14 02:41:50 [AWT-EventQueue-0] INFO  Main.Main - Opening Login Module...
2026-04-14 02:41:54 [AWT-EventQueue-0] INFO  Module.LoginMenu - Logging in...
2026-04-14 02:41:55 [AWT-EventQueue-0] INFO  Module.LoginMenu - Opened Login Module.
2026-04-14 02:41:55 [AWT-EventQueue-0] INFO  Module.LoginMenu - Login Successful.
2026-04-14 02:41:56 [AWT-EventQueue-0] INFO  Module.LoginMenu - Calling Main Menu Module...
2026-04-14 02:41:56 [AWT-EventQueue-0] INFO  Module.MainMenu - Checking User...
2026-04-14 02:41:56 [AWT-EventQueue-0] INFO  Module.MainMenu - Main Menu User: admin
2026-04-14 02:41:56 [AWT-EventQueue-0] INFO  Main.Main - Success Opening Main Menu.
2026-04-14 02:41:58 [AWT-EventQueue-0] INFO  Module.MainMenu - Clicked Inventory Menu...
2026-04-14 02:41:58 [AWT-EventQueue-0] INFO  Module.InventoryMenu - Checking User...
2026-04-14 02:41:58 [AWT-EventQueue-0] INFO  Module.InventoryMenu - Inventory data loaded successfully.
2026-04-14 02:41:58 [AWT-EventQueue-0] INFO  Main.Main - Success Opening Inventory Menu.
2026-04-14 02:42:33 [main] INFO  Main.Main - ---------------------------------------------
2026-04-14 02:42:33 [main] INFO  Main.Main - |   Inventory System Started Successfully   |
2026-04-14 02:42:33 [main] INFO  Main.Main - ---------------------------------------------
2026-04-14 02:42:34 [main] INFO  Main.Main - Attempting to connect to the database...
2026-04-14 02:42:35 [main] INFO  Main.Main - Initializing...
2026-04-14 02:42:35 [main] INFO  Database.InitializeDatabase - Successfully connected to external database at: jdbc:sqlite:C:\Users\User\eclipse-workspace\AutomatedInventoryManagementSystem/database.db
2026-04-14 02:42:35 [main] INFO  Database.InitializeDatabase - Products table created successfully.
2026-04-14 02:42:35 [main] INFO  Database.InitializeDatabase - Transaction table created successfully.
2026-04-14 02:42:35 [main] INFO  Database.InitializeDatabase - Database connected.
2026-04-14 02:42:36 [main] INFO  Main.Main - Calling Login Module...
2026-04-14 02:42:38 [AWT-EventQueue-0] INFO  Main.Main - Initializing...
2026-04-14 02:42:38 [AWT-EventQueue-0] INFO  Main.Main - Opening Login Module...
2026-04-14 02:42:42 [AWT-EventQueue-0] INFO  Module.LoginMenu - Logging in...
2026-04-14 02:42:43 [AWT-EventQueue-0] INFO  Module.LoginMenu - Opened Login Module.
2026-04-14 02:42:43 [AWT-EventQueue-0] INFO  Module.LoginMenu - Login Successful.
2026-04-14 02:42:44 [AWT-EventQueue-0] INFO  Module.LoginMenu - Calling Main Menu Module...
2026-04-14 02:42:44 [AWT-EventQueue-0] INFO  Module.MainMenu - Checking User...
2026-04-14 02:42:44 [AWT-EventQueue-0] INFO  Module.MainMenu - Main Menu User: admin
2026-04-14 02:42:44 [AWT-EventQueue-0] INFO  Main.Main - Success Opening Main Menu.
2026-04-14 02:42:45 [AWT-EventQueue-0] INFO  Module.MainMenu - Clicked Inventory Menu...
2026-04-14 02:42:45 [AWT-EventQueue-0] INFO  Module.InventoryMenu - Checking User...
2026-04-14 02:42:45 [AWT-EventQueue-0] INFO  Module.InventoryMenu - Inventory data loaded successfully.
2026-04-14 02:42:45 [AWT-EventQueue-0] INFO  Main.Main - Success Opening Inventory Menu.
2026-04-14 02:43:30 [AWT-EventQueue-0] ERROR Module.InventoryMenu - Database error while adding product
org.sqlite.SQLiteException: [SQLITE_CONSTRAINT_UNIQUE] A UNIQUE constraint failed (UNIQUE constraint failed: Products.product_name)
	at org.sqlite.core.DB.newSQLException(DB.java:1179)
	at org.sqlite.core.DB.newSQLException(DB.java:1190)
	at org.sqlite.core.DB.execute(DB.java:985)
	at org.sqlite.core.DB.executeUpdate(DB.java:1054)
	at org.sqlite.jdbc3.JDBC3PreparedStatement.lambda$executeLargeUpdate$2(JDBC3PreparedStatement.java:129)
	at org.sqlite.jdbc3.JDBC3Statement.withConnectionTimeout(JDBC3Statement.java:458)
	at org.sqlite.jdbc3.JDBC3PreparedStatement.executeLargeUpdate(JDBC3PreparedStatement.java:124)
	at org.sqlite.jdbc3.JDBC3PreparedStatement.executeUpdate(JDBC3PreparedStatement.java:105)
	at Module.InventoryMenu.lambda$4(InventoryMenu.java:373)
	at javax.swing.AbstractButton.fireActionPerformed(Unknown Source)
	at javax.swing.AbstractButton$Handler.actionPerformed(Unknown Source)
	at javax.swing.DefaultButtonModel.fireActionPerformed(Unknown Source)
	at javax.swing.DefaultButtonModel.setPressed(Unknown Source)
	at javax.swing.plaf.basic.BasicButtonListener.mouseReleased(Unknown Source)
	at java.awt.Component.processMouseEvent(Unknown Source)
	at javax.swing.JComponent.processMouseEvent(Unknown Source)
	at java.awt.Component.processEvent(Unknown Source)
	at java.awt.Container.processEvent(Unknown Source)
	at java.awt.Component.dispatchEventImpl(Unknown Source)
	at java.awt.Container.dispatchEventImpl(Unknown Source)
	at java.awt.Component.dispatchEvent(Unknown Source)
	at java.awt.LightweightDispatcher.retargetMouseEvent(Unknown Source)
	at java.awt.LightweightDispatcher.processMouseEvent(Unknown Source)
	at java.awt.LightweightDispatcher.dispatchEvent(Unknown Source)
	at java.awt.Container.dispatchEventImpl(Unknown Source)
	at java.awt.Window.dispatchEventImpl(Unknown Source)
	at java.awt.Component.dispatchEvent(Unknown Source)
	at java.awt.EventQueue.dispatchEventImpl(Unknown Source)
	at java.awt.EventQueue.access$500(Unknown Source)
	at java.awt.EventQueue$3.run(Unknown Source)
	at java.awt.EventQueue$3.run(Unknown Source)
	at java.security.AccessController.doPrivileged(Native Method)
	at java.security.ProtectionDomain$JavaSecurityAccessImpl.doIntersectionPrivilege(Unknown Source)
	at java.security.ProtectionDomain$JavaSecurityAccessImpl.doIntersectionPrivilege(Unknown Source)
	at java.awt.EventQueue$4.run(Unknown Source)
	at java.awt.EventQueue$4.run(Unknown Source)
	at java.security.AccessController.doPrivileged(Native Method)
	at java.security.ProtectionDomain$JavaSecurityAccessImpl.doIntersectionPrivilege(Unknown Source)
	at java.awt.EventQueue.dispatchEvent(Unknown Source)
	at java.awt.EventDispatchThread.pumpOneEventForFilters(Unknown Source)
	at java.awt.EventDispatchThread.pumpEventsForFilter(Unknown Source)
	at java.awt.EventDispatchThread.pumpEventsForFilter(Unknown Source)
	at java.awt.WaitDispatchSupport$2.run(Unknown Source)
	at java.awt.WaitDispatchSupport$4.run(Unknown Source)
	at java.awt.WaitDispatchSupport$4.run(Unknown Source)
	at java.security.AccessController.doPrivileged(Native Method)
	at java.awt.WaitDispatchSupport.enter(Unknown Source)
	at java.awt.Dialog.show(Unknown Source)
	at java.awt.Component.show(Unknown Source)
	at java.awt.Component.setVisible(Unknown Source)
	at java.awt.Window.setVisible(Unknown Source)
	at java.awt.Dialog.setVisible(Unknown Source)
	at Module.InventoryMenu.openAddProductWindow(InventoryMenu.java:390)
	at Module.InventoryMenu.lambda$0(InventoryMenu.java:164)
	at javax.swing.AbstractButton.fireActionPerformed(Unknown Source)
	at javax.swing.AbstractButton$Handler.actionPerformed(Unknown Source)
	at javax.swing.DefaultButtonModel.fireActionPerformed(Unknown Source)
	at javax.swing.DefaultButtonModel.setPressed(Unknown Source)
	at javax.swing.plaf.basic.BasicButtonListener.mouseReleased(Unknown Source)
	at java.awt.Component.processMouseEvent(Unknown Source)
	at javax.swing.JComponent.processMouseEvent(Unknown Source)
	at java.awt.Component.processEvent(Unknown Source)
	at java.awt.Container.processEvent(Unknown Source)
	at java.awt.Component.dispatchEventImpl(Unknown Source)
	at java.awt.Container.dispatchEventImpl(Unknown Source)
	at java.awt.Component.dispatchEvent(Unknown Source)
	at java.awt.LightweightDispatcher.retargetMouseEvent(Unknown Source)
	at java.awt.LightweightDispatcher.processMouseEvent(Unknown Source)
	at java.awt.LightweightDispatcher.dispatchEvent(Unknown Source)
	at java.awt.Container.dispatchEventImpl(Unknown Source)
	at java.awt.Window.dispatchEventImpl(Unknown Source)
	at java.awt.Component.dispatchEvent(Unknown Source)
	at java.awt.EventQueue.dispatchEventImpl(Unknown Source)
	at java.awt.EventQueue.access$500(Unknown Source)
	at java.awt.EventQueue$3.run(Unknown Source)
	at java.awt.EventQueue$3.run(Unknown Source)
	at java.security.AccessController.doPrivileged(Native Method)
	at java.security.ProtectionDomain$JavaSecurityAccessImpl.doIntersectionPrivilege(Unknown Source)
	at java.security.ProtectionDomain$JavaSecurityAccessImpl.doIntersectionPrivilege(Unknown Source)
	at java.awt.EventQueue$4.run(Unknown Source)
	at java.awt.EventQueue$4.run(Unknown Source)
	at java.security.AccessController.doPrivileged(Native Method)
	at java.security.ProtectionDomain$JavaSecurityAccessImpl.doIntersectionPrivilege(Unknown Source)
	at java.awt.EventQueue.dispatchEvent(Unknown Source)
	at java.awt.EventDispatchThread.pumpOneEventForFilters(Unknown Source)
	at java.awt.EventDispatchThread.pumpEventsForFilter(Unknown Source)
	at java.awt.EventDispatchThread.pumpEventsForHierarchy(Unknown Source)
	at java.awt.EventDispatchThread.pumpEvents(Unknown Source)
	at java.awt.EventDispatchThread.pumpEvents(Unknown Source)
	at java.awt.EventDispatchThread.run(Unknown Source)
2026-04-14 02:44:46 [main] INFO  Main.Main - ---------------------------------------------
2026-04-14 02:44:46 [main] INFO  Main.Main - |   Inventory System Started Successfully   |
2026-04-14 02:44:46 [main] INFO  Main.Main - ---------------------------------------------
2026-04-14 02:44:48 [main] INFO  Main.Main - Attempting to connect to the database...
2026-04-14 02:44:48 [main] INFO  Main.Main - Initializing...
2026-04-14 02:44:48 [main] INFO  Database.InitializeDatabase - Successfully connected to external database at: jdbc:sqlite:C:\Users\User\eclipse-workspace\AutomatedInventoryManagementSystem/database.db
2026-04-14 02:44:48 [main] INFO  Database.InitializeDatabase - Products table created successfully.
2026-04-14 02:44:48 [main] INFO  Database.InitializeDatabase - Transaction table created successfully.
2026-04-14 02:44:48 [main] INFO  Database.InitializeDatabase - Database connected.
2026-04-14 02:44:50 [main] INFO  Main.Main - Calling Login Module...
2026-04-14 02:44:51 [AWT-EventQueue-0] INFO  Main.Main - Initializing...
2026-04-14 02:44:52 [AWT-EventQueue-0] INFO  Main.Main - Opening Login Module...
2026-04-14 02:44:55 [AWT-EventQueue-0] INFO  Module.LoginMenu - Logging in...
2026-04-14 02:44:57 [AWT-EventQueue-0] INFO  Module.LoginMenu - Opened Login Module.
2026-04-14 02:44:57 [AWT-EventQueue-0] INFO  Module.LoginMenu - Login Successful.
2026-04-14 02:44:57 [AWT-EventQueue-0] INFO  Module.LoginMenu - Calling Main Menu Module...
2026-04-14 02:44:57 [AWT-EventQueue-0] INFO  Module.MainMenu - Checking User...
2026-04-14 02:44:57 [AWT-EventQueue-0] INFO  Module.MainMenu - Main Menu User: admin
2026-04-14 02:44:58 [AWT-EventQueue-0] INFO  Main.Main - Success Opening Main Menu.
2026-04-14 02:44:59 [AWT-EventQueue-0] INFO  Module.MainMenu - Clicked Inventory Menu...
2026-04-14 02:44:59 [AWT-EventQueue-0] INFO  Module.InventoryMenu - Checking User...
2026-04-14 02:44:59 [AWT-EventQueue-0] INFO  Module.InventoryMenu - Inventory data loaded successfully.
2026-04-14 02:44:59 [AWT-EventQueue-0] INFO  Main.Main - Success Opening Inventory Menu.
2026-04-14 02:50:43 [main] INFO  Main.Main - ---------------------------------------------
2026-04-14 02:50:43 [main] INFO  Main.Main - |   Inventory System Started Successfully   |
2026-04-14 02:50:43 [main] INFO  Main.Main - ---------------------------------------------
2026-04-14 02:50:45 [main] INFO  Main.Main - Attempting to connect to the database...
2026-04-14 02:50:45 [main] INFO  Main.Main - Initializing...
2026-04-14 02:50:45 [main] INFO  Database.InitializeDatabase - Successfully connected to external database at: jdbc:sqlite:C:\Users\User\eclipse-workspace\AutomatedInventoryManagementSystem/database.db
2026-04-14 02:50:45 [main] INFO  Database.InitializeDatabase - Products table created successfully.
2026-04-14 02:50:45 [main] INFO  Database.InitializeDatabase - Transaction table created successfully.
2026-04-14 02:50:45 [main] INFO  Database.InitializeDatabase - Database connected.
2026-04-14 02:50:47 [main] INFO  Main.Main - Calling Login Module...
2026-04-14 02:50:48 [AWT-EventQueue-0] INFO  Main.Main - Initializing...
2026-04-14 02:50:48 [AWT-EventQueue-0] INFO  Main.Main - Opening Login Module...
2026-04-14 02:51:02 [AWT-EventQueue-0] INFO  Module.LoginMenu - Logging in...
2026-04-14 02:51:04 [AWT-EventQueue-0] INFO  Module.LoginMenu - Opened Login Module.
2026-04-14 02:51:04 [AWT-EventQueue-0] INFO  Module.LoginMenu - Login Successful.
2026-04-14 02:51:05 [AWT-EventQueue-0] INFO  Module.LoginMenu - Calling Main Menu Module...
2026-04-14 02:51:05 [AWT-EventQueue-0] INFO  Module.MainMenu - Checking User...
2026-04-14 02:51:05 [AWT-EventQueue-0] INFO  Module.MainMenu - Main Menu User: admin
2026-04-14 02:51:05 [AWT-EventQueue-0] INFO  Main.Main - Success Opening Main Menu.
2026-04-14 02:51:08 [AWT-EventQueue-0] INFO  Module.MainMenu - Clicked Inventory Menu...
2026-04-14 02:51:08 [AWT-EventQueue-0] INFO  Module.InventoryMenu - Checking User...
2026-04-14 02:51:08 [AWT-EventQueue-0] INFO  Module.InventoryMenu - Inventory data loaded successfully.
2026-04-14 02:51:08 [AWT-EventQueue-0] INFO  Main.Main - Success Opening Inventory Menu.
2026-04-14 02:52:37 [main] INFO  Main.Main - ---------------------------------------------
2026-04-14 02:52:37 [main] INFO  Main.Main - |   Inventory System Started Successfully   |
2026-04-14 02:52:37 [main] INFO  Main.Main - ---------------------------------------------
2026-04-14 02:52:38 [main] INFO  Main.Main - Attempting to connect to the database...
2026-04-14 02:52:38 [main] INFO  Main.Main - Initializing...
2026-04-14 02:52:39 [main] INFO  Database.InitializeDatabase - Successfully connected to external database at: jdbc:sqlite:C:\Users\User\eclipse-workspace\AutomatedInventoryManagementSystem/database.db
2026-04-14 02:52:39 [main] INFO  Database.InitializeDatabase - Products table created successfully.
2026-04-14 02:52:39 [main] INFO  Database.InitializeDatabase - Transaction table created successfully.
2026-04-14 02:52:39 [main] INFO  Database.InitializeDatabase - Database connected.
2026-04-14 02:53:29 [main] INFO  Main.Main - ---------------------------------------------
2026-04-14 02:53:29 [main] INFO  Main.Main - |   Inventory System Started Successfully   |
2026-04-14 02:53:29 [main] INFO  Main.Main - ---------------------------------------------
2026-04-14 02:53:31 [main] INFO  Main.Main - Attempting to connect to the database...
2026-04-14 02:53:31 [main] INFO  Main.Main - Initializing...
2026-04-14 02:53:31 [main] INFO  Database.InitializeDatabase - Successfully connected to external database at: jdbc:sqlite:C:\Users\User\eclipse-workspace\AutomatedInventoryManagementSystem/database.db
2026-04-14 02:53:31 [main] INFO  Database.InitializeDatabase - Products table created successfully.
2026-04-14 02:53:31 [main] INFO  Database.InitializeDatabase - Transaction table created successfully.
2026-04-14 02:53:31 [main] INFO  Database.InitializeDatabase - Database connected.
2026-04-14 02:53:33 [main] INFO  Main.Main - Calling Login Module...
2026-04-14 02:53:34 [AWT-EventQueue-0] INFO  Main.Main - Initializing...
2026-04-14 02:53:34 [AWT-EventQueue-0] INFO  Main.Main - Opening Login Module...
2026-04-14 02:53:44 [AWT-EventQueue-0] INFO  Module.LoginMenu - Logging in...
2026-04-14 02:53:46 [AWT-EventQueue-0] INFO  Module.LoginMenu - Opened Login Module.
2026-04-14 02:53:46 [AWT-EventQueue-0] INFO  Module.LoginMenu - Login Successful.
2026-04-14 02:53:47 [AWT-EventQueue-0] INFO  Module.LoginMenu - Calling Main Menu Module...
2026-04-14 02:53:47 [AWT-EventQueue-0] INFO  Module.MainMenu - Checking User...
2026-04-14 02:53:47 [AWT-EventQueue-0] INFO  Module.MainMenu - Main Menu User: admin
2026-04-14 02:53:47 [AWT-EventQueue-0] INFO  Main.Main - Success Opening Main Menu.
2026-04-14 02:53:48 [AWT-EventQueue-0] INFO  Module.MainMenu - Clicked Inventory Menu...
2026-04-14 02:53:48 [AWT-EventQueue-0] INFO  Module.InventoryMenu - Checking User...
2026-04-14 02:53:48 [AWT-EventQueue-0] INFO  Module.InventoryMenu - Inventory data loaded successfully.
2026-04-14 02:53:48 [AWT-EventQueue-0] INFO  Main.Main - Success Opening Inventory Menu.
2026-04-14 02:58:11 [main] INFO  Main.Main - ---------------------------------------------
2026-04-14 02:58:11 [main] INFO  Main.Main - |   Inventory System Started Successfully   |
2026-04-14 02:58:11 [main] INFO  Main.Main - ---------------------------------------------
2026-04-14 02:58:12 [main] INFO  Main.Main - Attempting to connect to the database...
2026-04-14 02:58:12 [main] INFO  Main.Main - Initializing...
2026-04-14 02:58:13 [main] INFO  Database.InitializeDatabase - Successfully connected to external database at: jdbc:sqlite:C:\Users\User\eclipse-workspace\AutomatedInventoryManagementSystem/database.db
2026-04-14 02:58:13 [main] INFO  Database.InitializeDatabase - Products table created successfully.
2026-04-14 02:58:13 [main] INFO  Database.InitializeDatabase - Transaction table created successfully.
2026-04-14 02:58:13 [main] INFO  Database.InitializeDatabase - Database connected.
2026-04-14 02:58:14 [main] INFO  Main.Main - Calling Login Module...
2026-04-14 02:58:16 [AWT-EventQueue-0] INFO  Main.Main - Initializing...
2026-04-14 02:58:16 [AWT-EventQueue-0] INFO  Main.Main - Opening Login Module...
2026-04-14 02:58:27 [AWT-EventQueue-0] INFO  Module.LoginMenu - Logging in...
2026-04-14 02:58:29 [AWT-EventQueue-0] INFO  Module.LoginMenu - Opened Login Module.
2026-04-14 02:58:29 [AWT-EventQueue-0] INFO  Module.LoginMenu - Login Successful.
2026-04-14 02:58:29 [AWT-EventQueue-0] INFO  Module.LoginMenu - Calling Main Menu Module...
2026-04-14 02:58:29 [AWT-EventQueue-0] INFO  Module.MainMenu - Checking User...
2026-04-14 02:58:29 [AWT-EventQueue-0] INFO  Module.MainMenu - Main Menu User: admin
2026-04-14 02:58:30 [AWT-EventQueue-0] INFO  Main.Main - Success Opening Main Menu.
2026-04-14 02:58:30 [AWT-EventQueue-0] INFO  Module.MainMenu - Clicked Inventory Menu...
2026-04-14 02:58:30 [AWT-EventQueue-0] INFO  Module.InventoryMenu - Checking User...
2026-04-14 02:58:30 [AWT-EventQueue-0] INFO  Module.InventoryMenu - Inventory data loaded successfully.
2026-04-14 02:58:30 [AWT-EventQueue-0] INFO  Main.Main - Success Opening Inventory Menu.
2026-04-14 02:59:36 [main] INFO  Main.Main - ---------------------------------------------
2026-04-14 02:59:36 [main] INFO  Main.Main - |   Inventory System Started Successfully   |
2026-04-14 02:59:36 [main] INFO  Main.Main - ---------------------------------------------
2026-04-14 02:59:37 [main] INFO  Main.Main - Attempting to connect to the database...
2026-04-14 02:59:38 [main] INFO  Main.Main - Initializing...
2026-04-14 02:59:38 [main] INFO  Database.InitializeDatabase - Successfully connected to external database at: jdbc:sqlite:C:\Users\User\eclipse-workspace\AutomatedInventoryManagementSystem/database.db
2026-04-14 02:59:38 [main] INFO  Database.InitializeDatabase - Products table created successfully.
2026-04-14 02:59:38 [main] INFO  Database.InitializeDatabase - Transaction table created successfully.
2026-04-14 02:59:38 [main] INFO  Database.InitializeDatabase - Database connected.
2026-04-14 02:59:39 [main] INFO  Main.Main - Calling Login Module...
2026-04-14 02:59:41 [AWT-EventQueue-0] INFO  Main.Main - Initializing...
2026-04-14 02:59:41 [AWT-EventQueue-0] INFO  Main.Main - Opening Login Module...
2026-04-14 02:59:48 [AWT-EventQueue-0] INFO  Module.LoginMenu - Logging in...
2026-04-14 02:59:50 [AWT-EventQueue-0] INFO  Module.LoginMenu - Opened Login Module.
2026-04-14 02:59:50 [AWT-EventQueue-0] ERROR Module.LoginMenu - Login Error.
2026-04-14 02:59:52 [AWT-EventQueue-0] INFO  Module.LoginMenu - Logging in...
2026-04-14 02:59:54 [AWT-EventQueue-0] INFO  Module.LoginMenu - Opened Login Module.
2026-04-14 02:59:54 [AWT-EventQueue-0] INFO  Module.LoginMenu - Login Successful.
2026-04-14 02:59:55 [AWT-EventQueue-0] INFO  Module.LoginMenu - Calling Main Menu Module...
2026-04-14 02:59:55 [AWT-EventQueue-0] INFO  Module.MainMenu - Checking User...
2026-04-14 02:59:55 [AWT-EventQueue-0] INFO  Module.MainMenu - Main Menu User: admin
2026-04-14 02:59:55 [AWT-EventQueue-0] INFO  Main.Main - Success Opening Main Menu.
2026-04-14 02:59:55 [AWT-EventQueue-0] INFO  Module.MainMenu - Clicked Inventory Menu...
2026-04-14 02:59:55 [AWT-EventQueue-0] INFO  Module.InventoryMenu - Checking User...
2026-04-14 02:59:55 [AWT-EventQueue-0] INFO  Module.InventoryMenu - Inventory data loaded successfully.
2026-04-14 02:59:55 [AWT-EventQueue-0] INFO  Main.Main - Success Opening Inventory Menu.
2026-04-14 03:01:49 [main] INFO  Main.Main - ---------------------------------------------
2026-04-14 03:01:49 [main] INFO  Main.Main - |   Inventory System Started Successfully   |
2026-04-14 03:01:49 [main] INFO  Main.Main - ---------------------------------------------
2026-04-14 03:01:50 [main] INFO  Main.Main - Attempting to connect to the database...
2026-04-14 03:01:50 [main] INFO  Main.Main - Initializing...
2026-04-14 03:01:51 [main] INFO  Database.InitializeDatabase - Successfully connected to external database at: jdbc:sqlite:C:\Users\User\eclipse-workspace\AutomatedInventoryManagementSystem/database.db
2026-04-14 03:01:51 [main] INFO  Database.InitializeDatabase - Products table created successfully.
2026-04-14 03:01:51 [main] INFO  Database.InitializeDatabase - Transaction table created successfully.
2026-04-14 03:01:51 [main] INFO  Database.InitializeDatabase - Database connected.
2026-04-14 03:01:52 [main] INFO  Main.Main - Calling Login Module...
2026-04-14 03:01:54 [AWT-EventQueue-0] INFO  Main.Main - Initializing...
2026-04-14 03:01:54 [AWT-EventQueue-0] INFO  Main.Main - Opening Login Module...
2026-04-14 03:01:58 [AWT-EventQueue-0] INFO  Module.LoginMenu - Logging in...
2026-04-14 03:01:59 [AWT-EventQueue-0] INFO  Module.LoginMenu - Opened Login Module.
2026-04-14 03:01:59 [AWT-EventQueue-0] INFO  Module.LoginMenu - Login Successful.
2026-04-14 03:02:00 [AWT-EventQueue-0] INFO  Module.LoginMenu - Calling Main Menu Module...
2026-04-14 03:02:00 [AWT-EventQueue-0] INFO  Module.MainMenu - Checking User...
2026-04-14 03:02:00 [AWT-EventQueue-0] INFO  Module.MainMenu - Main Menu User: admin
2026-04-14 03:02:00 [AWT-EventQueue-0] INFO  Main.Main - Success Opening Main Menu.
2026-04-14 03:02:01 [AWT-EventQueue-0] INFO  Module.MainMenu - Clicked Inventory Menu...
2026-04-14 03:02:01 [AWT-EventQueue-0] INFO  Module.InventoryMenu - Checking User...
2026-04-14 03:02:01 [AWT-EventQueue-0] INFO  Module.InventoryMenu - Inventory data loaded successfully.
2026-04-14 03:02:01 [AWT-EventQueue-0] INFO  Main.Main - Success Opening Inventory Menu.
2026-04-14 03:04:02 [main] INFO  Main.Main - ---------------------------------------------
2026-04-14 03:04:02 [main] INFO  Main.Main - |   Inventory System Started Successfully   |
2026-04-14 03:04:02 [main] INFO  Main.Main - ---------------------------------------------
2026-04-14 03:04:41 [main] INFO  Main.Main - ---------------------------------------------
2026-04-14 03:04:41 [main] INFO  Main.Main - |   Inventory System Started Successfully   |
2026-04-14 03:04:41 [main] INFO  Main.Main - ---------------------------------------------
2026-04-14 03:04:42 [main] INFO  Main.Main - Attempting to connect to the database...
2026-04-14 03:04:42 [main] INFO  Main.Main - Initializing...
2026-04-14 03:04:43 [main] INFO  Database.InitializeDatabase - Successfully connected to external database at: jdbc:sqlite:C:\Users\User\eclipse-workspace\AutomatedInventoryManagementSystem/database.db
2026-04-14 03:04:43 [main] INFO  Database.InitializeDatabase - Products table created successfully.
2026-04-14 03:04:43 [main] INFO  Database.InitializeDatabase - Transaction table created successfully.
2026-04-14 03:04:43 [main] INFO  Database.InitializeDatabase - Database connected.
2026-04-14 03:04:44 [main] INFO  Main.Main - Calling Login Module...
2026-04-14 03:04:46 [AWT-EventQueue-0] INFO  Main.Main - Initializing...
2026-04-14 03:04:46 [AWT-EventQueue-0] INFO  Main.Main - Opening Login Module...
2026-04-14 03:04:50 [AWT-EventQueue-0] INFO  Module.LoginMenu - Logging in...
2026-04-14 03:04:52 [AWT-EventQueue-0] INFO  Module.LoginMenu - Opened Login Module.
2026-04-14 03:04:52 [AWT-EventQueue-0] INFO  Module.LoginMenu - Login Successful.
2026-04-14 03:04:52 [AWT-EventQueue-0] INFO  Module.LoginMenu - Calling Main Menu Module...
2026-04-14 03:04:52 [AWT-EventQueue-0] INFO  Module.MainMenu - Checking User...
2026-04-14 03:04:52 [AWT-EventQueue-0] INFO  Module.MainMenu - Main Menu User: admin
2026-04-14 03:04:52 [AWT-EventQueue-0] INFO  Main.Main - Success Opening Main Menu.
2026-04-14 03:04:53 [AWT-EventQueue-0] INFO  Module.MainMenu - Clicked Inventory Menu...
2026-04-14 03:04:53 [AWT-EventQueue-0] INFO  Module.InventoryMenu - Checking User...
2026-04-14 03:04:53 [AWT-EventQueue-0] INFO  Module.InventoryMenu - Inventory data loaded successfully.
2026-04-14 03:04:53 [AWT-EventQueue-0] INFO  Main.Main - Success Opening Inventory Menu.
2026-04-14 03:11:37 [main] INFO  Main.Main - ---------------------------------------------
2026-04-14 03:11:37 [main] INFO  Main.Main - |   Inventory System Started Successfully   |
2026-04-14 03:11:37 [main] INFO  Main.Main - ---------------------------------------------
2026-04-14 03:11:39 [main] INFO  Main.Main - Attempting to connect to the database...
2026-04-14 03:11:39 [main] INFO  Main.Main - Initializing...
2026-04-14 03:11:39 [main] INFO  Database.InitializeDatabase - Successfully connected to external database at: jdbc:sqlite:C:\Users\User\eclipse-workspace\AutomatedInventoryManagementSystem/database.db
2026-04-14 03:11:39 [main] INFO  Database.InitializeDatabase - Products table created successfully.
2026-04-14 03:11:39 [main] INFO  Database.InitializeDatabase - Transaction table created successfully.
2026-04-14 03:11:39 [main] INFO  Database.InitializeDatabase - Database connected.
2026-04-14 03:11:41 [main] INFO  Main.Main - Calling Login Module...
2026-04-14 03:11:42 [AWT-EventQueue-0] INFO  Main.Main - Initializing...
2026-04-14 03:11:42 [AWT-EventQueue-0] INFO  Main.Main - Opening Login Module...
2026-04-14 03:11:54 [AWT-EventQueue-0] INFO  Module.LoginMenu - Logging in...
2026-04-14 03:11:56 [AWT-EventQueue-0] INFO  Module.LoginMenu - Opened Login Module.
2026-04-14 03:11:56 [AWT-EventQueue-0] INFO  Module.LoginMenu - Login Successful.
2026-04-14 03:11:58 [AWT-EventQueue-0] INFO  Module.LoginMenu - Calling Main Menu Module...
2026-04-14 03:11:58 [AWT-EventQueue-0] INFO  Module.MainMenu - Checking User...
2026-04-14 03:11:58 [AWT-EventQueue-0] INFO  Module.MainMenu - Main Menu User: admin
2026-04-14 03:11:58 [AWT-EventQueue-0] INFO  Main.Main - Success Opening Main Menu.
2026-04-14 03:12:02 [AWT-EventQueue-0] INFO  Module.MainMenu - Clicked Inventory Menu...
2026-04-14 03:12:02 [AWT-EventQueue-0] INFO  Module.InventoryMenu - Checking User...
2026-04-14 03:12:02 [AWT-EventQueue-0] INFO  Module.InventoryMenu - Inventory data loaded successfully.
2026-04-14 03:12:02 [AWT-EventQueue-0] INFO  Main.Main - Success Opening Inventory Menu.
2026-04-14 03:14:59 [main] INFO  Main.Main - ---------------------------------------------
2026-04-14 03:14:59 [main] INFO  Main.Main - |   Inventory System Started Successfully   |
2026-04-14 03:14:59 [main] INFO  Main.Main - ---------------------------------------------
2026-04-14 03:15:01 [main] INFO  Main.Main - Attempting to connect to the database...
2026-04-14 03:15:01 [main] INFO  Main.Main - Initializing...
2026-04-14 03:15:02 [main] INFO  Database.InitializeDatabase - Successfully connected to external database at: jdbc:sqlite:C:\Users\User\eclipse-workspace\AutomatedInventoryManagementSystem/database.db
2026-04-14 03:15:02 [main] INFO  Database.InitializeDatabase - Products table created successfully.
2026-04-14 03:15:02 [main] INFO  Database.InitializeDatabase - Transaction table created successfully.
2026-04-14 03:15:02 [main] INFO  Database.InitializeDatabase - Database connected.
2026-04-14 03:15:03 [main] INFO  Main.Main - Calling Login Module...
2026-04-14 03:15:05 [AWT-EventQueue-0] INFO  Main.Main - Initializing...
2026-04-14 03:15:05 [AWT-EventQueue-0] INFO  Main.Main - Opening Login Module...
2026-04-14 03:15:38 [AWT-EventQueue-0] INFO  Module.LoginMenu - Logging in...
2026-04-14 03:15:39 [AWT-EventQueue-0] INFO  Module.LoginMenu - Opened Login Module.
2026-04-14 03:15:39 [AWT-EventQueue-0] INFO  Module.LoginMenu - Login Successful.
2026-04-14 03:15:40 [AWT-EventQueue-0] INFO  Module.LoginMenu - Calling Main Menu Module...
2026-04-14 03:15:40 [AWT-EventQueue-0] INFO  Module.MainMenu - Checking User...
2026-04-14 03:15:40 [AWT-EventQueue-0] INFO  Module.MainMenu - Main Menu User: admin
2026-04-14 03:15:40 [AWT-EventQueue-0] INFO  Main.Main - Success Opening Main Menu.
2026-04-14 03:15:41 [AWT-EventQueue-0] INFO  Module.MainMenu - Clicked Inventory Menu...
2026-04-14 03:15:41 [AWT-EventQueue-0] INFO  Module.InventoryMenu - Checking User...
2026-04-14 03:15:41 [AWT-EventQueue-0] INFO  Module.InventoryMenu - Inventory data loaded successfully.
2026-04-14 03:15:41 [AWT-EventQueue-0] INFO  Main.Main - Success Opening Inventory Menu.
2026-04-14 03:18:46 [main] INFO  Main.Main - ---------------------------------------------
2026-04-14 03:18:46 [main] INFO  Main.Main - |   Inventory System Started Successfully   |
2026-04-14 03:18:46 [main] INFO  Main.Main - ---------------------------------------------
2026-04-14 03:18:48 [main] INFO  Main.Main - Attempting to connect to the database...
2026-04-14 03:18:48 [main] INFO  Main.Main - Initializing...
2026-04-14 03:18:48 [main] INFO  Database.InitializeDatabase - Successfully connected to external database at: jdbc:sqlite:C:\Users\User\eclipse-workspace\AutomatedInventoryManagementSystem/database.db
2026-04-14 03:18:48 [main] INFO  Database.InitializeDatabase - Products table created successfully.
2026-04-14 03:18:48 [main] INFO  Database.InitializeDatabase - Transaction table created successfully.
2026-04-14 03:18:48 [main] INFO  Database.InitializeDatabase - Database connected.
2026-04-14 03:18:50 [main] INFO  Main.Main - Calling Login Module...
2026-04-14 03:18:51 [AWT-EventQueue-0] INFO  Main.Main - Initializing...
2026-04-14 03:18:51 [AWT-EventQueue-0] INFO  Main.Main - Opening Login Module...
2026-04-14 03:22:08 [main] INFO  Main.Main - ---------------------------------------------
2026-04-14 03:22:08 [main] INFO  Main.Main - |   Inventory System Started Successfully   |
2026-04-14 03:22:08 [main] INFO  Main.Main - ---------------------------------------------
2026-04-14 03:22:09 [main] INFO  Main.Main - Attempting to connect to the database...
2026-04-14 03:22:09 [main] INFO  Main.Main - Initializing...
2026-04-14 03:22:10 [main] INFO  Database.InitializeDatabase - Successfully connected to external database at: jdbc:sqlite:C:\Users\User\eclipse-workspace\AutomatedInventoryManagementSystem/database.db
2026-04-14 03:22:10 [main] INFO  Database.InitializeDatabase - Products table created successfully.
2026-04-14 03:22:10 [main] INFO  Database.InitializeDatabase - Transaction table created successfully.
2026-04-14 03:22:10 [main] INFO  Database.InitializeDatabase - Database connected.
2026-04-14 03:22:11 [main] INFO  Main.Main - Calling Login Module...
2026-04-14 03:22:13 [AWT-EventQueue-0] INFO  Main.Main - Initializing...
2026-04-14 03:22:13 [AWT-EventQueue-0] INFO  Main.Main - Opening Login Module...
2026-04-14 03:22:16 [AWT-EventQueue-0] INFO  Module.LoginMenu - Logging in...
2026-04-14 03:22:18 [AWT-EventQueue-0] INFO  Module.LoginMenu - Opened Login Module.
2026-04-14 03:22:18 [AWT-EventQueue-0] INFO  Module.LoginMenu - Login Successful.
2026-04-14 03:22:18 [AWT-EventQueue-0] INFO  Module.LoginMenu - Calling Main Menu Module...
2026-04-14 03:22:19 [AWT-EventQueue-0] INFO  Module.MainMenu - Checking User...
2026-04-14 03:22:19 [AWT-EventQueue-0] INFO  Module.MainMenu - Main Menu User: admin
2026-04-14 03:22:19 [AWT-EventQueue-0] INFO  Main.Main - Success Opening Main Menu.
2026-04-14 03:22:19 [AWT-EventQueue-0] INFO  Module.MainMenu - Clicked Inventory Menu...
2026-04-14 03:22:19 [AWT-EventQueue-0] INFO  Module.InventoryMenu - Checking User...
2026-04-14 03:22:19 [AWT-EventQueue-0] INFO  Module.InventoryMenu - Inventory data loaded successfully.
2026-04-14 03:22:19 [AWT-EventQueue-0] INFO  Main.Main - Success Opening Inventory Menu.
